[2026-08-25 20:56:25] production.ERROR: The /root/unihup/bootstrap/cache directory must be present and writable. {"exception":"[object] (Exception(code: 0): The /root/unihup/bootstrap/cache directory must be present and writable. at /root/unihup/vendor/laravel/framework/src/Illuminate/Foundation/PackageManifest.php:179)
[stacktrace]
#0 /root/unihup/vendor/laravel/framework/src/Illuminate/Foundation/PackageManifest.php(132): Illuminate\\Foundation\\PackageManifest->write()
#1 /root/unihup/vendor/laravel/framework/src/Illuminate/Foundation/PackageManifest.php(108): Illuminate\\Foundation\\PackageManifest->build()
#2 /root/unihup/vendor/laravel/framework/src/Illuminate/Foundation/PackageManifest.php(90): Illuminate\\Foundation\\PackageManifest->getManifest()
#3 /root/unihup/vendor/laravel/framework/src/Illuminate/Foundation/PackageManifest.php(79): Illuminate\\Foundation\\PackageManifest->config()
#4 /root/unihup/vendor/laravel/framework/src/Illuminate/Foundation/Bootstrap/RegisterFacades.php(26): Illuminate\\Foundation\\PackageManifest->aliases()
#5 /root/unihup/vendor/laravel/framework/src/Illuminate/Foundation/Application.php(349): Illuminate\\Foundation\\Bootstrap\\RegisterFacades->bootstrap()
#6 /root/unihup/vendor/laravel/framework/src/Illuminate/Foundation/Console/Kernel.php(494): Illuminate\\Foundation\\Application->bootstrapWith()
#7 /root/unihup/vendor/laravel/framework/src/Illuminate/Foundation/Console/Kernel.php(196): Illuminate\\Foundation\\Console\\Kernel->bootstrap()
#8 /root/unihup/vendor/laravel/framework/src/Illuminate/Foundation/Application.php(1242): Illuminate\\Foundation\\Console\\Kernel->handle()
#9 /root/unihup/artisan(16): Illuminate\\Foundation\\Application->handleCommand()
#10 {main}
"} 
[2026-08-25 21:00:30] local.ERROR: SQLSTATE[HY000]: General error: 1 table "sessions" already exists (Connection: sqlite, Database: /root/unihup/database/database.sqlite, SQL: create table "sessions" ("id" varchar not null, "user_id" integer, "ip_address" varchar, "user_agent" text, "payload" text not null, "last_activity" integer not null, primary key ("id"))) {"exception":"[object] (Illuminate\\Database\\QueryException(code: HY000): SQLSTATE[HY000]: General error: 1 table \"sessions\" already exists (Connection: sqlite, Database: /root/unihup/database/database.sqlite, SQL: create table \"sessions\" (\"id\" varchar not null, \"user_id\" integer, \"ip_address\" varchar, \"user_agent\" text, \"payload\" text not null, \"last_activity\" integer not null, primary key (\"id\"))) at /root/unihup/vendor/laravel/framework/src/Illuminate/Database/Connection.php:857)
[stacktrace]
#0 /root/unihup/vendor/laravel/framework/src/Illuminate/Database/Connection.php(813): Illuminate\\Database\\Connection->runQueryCallback()
#1 /root/unihup/vendor/laravel/framework/src/Illuminate/Database/Connection.php(590): Illuminate\\Database\\Connection->run()
#2 /root/unihup/vendor/laravel/framework/src/Illuminate/Database/Schema/Blueprint.php(122): Illuminate\\Database\\Connection->statement()
#3 /root/unihup/vendor/laravel/framework/src/Illuminate/Database/Schema/Builder.php(702): Illuminate\\Database\\Schema\\Blueprint->build()
#4 /root/unihup/vendor/laravel/framework/src/Illuminate/Database/Schema/Builder.php(520): Illuminate\\Database\\Schema\\Builder->build()
#5 /root/unihup/vendor/laravel/framework/src/Illuminate/Support/Facades/Facade.php(364): Illuminate\\Database\\Schema\\Builder->create()
#6 /root/unihup/database/migrations/0001_01_01_000003_create_sessions_table.php(13): Illuminate\\Support\\Facades\\Facade::__callStatic()
#7 /root/unihup/vendor/laravel/framework/src/Illuminate/Database/Migrations/Migrator.php(517): Illuminate\\Database\\Migrations\\Migration@anonymous->up()
#8 /root/unihup/vendor/laravel/framework/src/Illuminate/Database/Migrations/Migrator.php(442): Illuminate\\Database\\Migrations\\Migrator->runMethod()
#9 /root/unihup/vendor/laravel/framework/src/Illuminate/Database/Migrations/Migrator.php(451): Illuminate\\Database\\Migrations\\Migrator->{closure:Illuminate\\Database\\Migrations\\Migrator::runMigration():438}()
#10 /root/unihup/vendor/laravel/framework/src/Illuminate/Database/Migrations/Migrator.php(253): Illuminate\\Database\\Migrations\\Migrator->runMigration()
#11 /root/unihup/vendor/laravel/framework/src/Illuminate/Console/View/Components/Task.php(43): Illuminate\\Database\\Migrations\\Migrator->{closure:Illuminate\\Database\\Migrations\\Migrator::runUp():253}()
#12 /root/unihup/vendor/laravel/framework/src/Illuminate/Database/Migrations/Migrator.php(853): Illuminate\\Console\\View\\Components\\Task->render()
#13 /root/unihup/vendor/laravel/framework/src/Illuminate/Database/Migrations/Migrator.php(253): Illuminate\\Database\\Migrations\\Migrator->write()
#14 /root/unihup/vendor/laravel/framework/src/Illuminate/Database/Migrations/Migrator.php(211): Illuminate\\Database\\Migrations\\Migrator->runUp()
#15 /root/unihup/vendor/laravel/framework/src/Illuminate/Database/Migrations/Migrator.php(138): Illuminate\\Database\\Migrations\\Migrator->runPending()
#16 /root/unihup/vendor/laravel/framework/src/Illuminate/Database/Console/Migrations/MigrateCommand.php(118): Illuminate\\Database\\Migrations\\Migrator->run()
#17 /root/unihup/vendor/laravel/framework/src/Illuminate/Database/Migrations/Migrator.php(672): Illuminate\\Database\\Console\\Migrations\\MigrateCommand->{closure:Illuminate\\Database\\Console\\Migrations\\MigrateCommand::runMigrations():111}()
#18 /root/unihup/vendor/laravel/framework/src/Illuminate/Database/Console/Migrations/MigrateCommand.php(111): Illuminate\\Database\\Migrations\\Migrator->usingConnection()
#19 /root/unihup/vendor/laravel/framework/src/Illuminate/Database/Console/Migrations/MigrateCommand.php(90): Illuminate\\Database\\Console\\Migrations\\MigrateCommand->runMigrations()
#20 /root/unihup/vendor/laravel/framework/src/Illuminate/Container/BoundMethod.php(36): Illuminate\\Database\\Console\\Migrations\\MigrateCommand->handle()
#21 /root/unihup/vendor/laravel/framework/src/Illuminate/Container/Util.php(43): Illuminate\\Container\\BoundMethod::{closure:Illuminate\\Container\\BoundMethod::call():35}()
#22 /root/unihup/vendor/laravel/framework/src/Illuminate/Container/BoundMethod.php(96): Illuminate\\Container\\Util::unwrapIfClosure()
#23 /root/unihup/vendor/laravel/framework/src/Illuminate/Container/BoundMethod.php(35): Illuminate\\Container\\BoundMethod::callBoundMethod()
#24 /root/unihup/vendor/laravel/framework/src/Illuminate/Container/Container.php(803): Illuminate\\Container\\BoundMethod::call()
#25 /root/unihup/vendor/laravel/framework/src/Illuminate/Console/Command.php(292): Illuminate\\Container\\Container->call()
#26 /root/unihup/vendor/symfony/console/Command/Command.php(341): Illuminate\\Console\\Command->execute()
#27 /root/unihup/vendor/laravel/framework/src/Illuminate/Console/Command.php(261): Symfony\\Component\\Console\\Command\\Command->run()
#28 /root/unihup/vendor/laravel/framework/src/Illuminate/Console/Concerns/CallsCommands.php(68): Illuminate\\Console\\Command->run()
#29 /root/unihup/vendor/laravel/framework/src/Illuminate/Console/Concerns/CallsCommands.php(29): Illuminate\\Console\\Command->runCommand()
#30 /root/unihup/vendor/laravel/framework/src/Illuminate/Database/Console/Migrations/FreshCommand.php(96): Illuminate\\Console\\Command->call()
#31 /root/unihup/vendor/laravel/framework/src/Illuminate/Container/BoundMethod.php(36): Illuminate\\Database\\Console\\Migrations\\FreshCommand->handle()
#32 /root/unihup/vendor/laravel/framework/src/Illuminate/Container/Util.php(43): Illuminate\\Container\\BoundMethod::{closure:Illuminate\\Container\\BoundMethod::call():35}()
#33 /root/unihup/vendor/laravel/framework/src/Illuminate/Container/BoundMethod.php(96): Illuminate\\Container\\Util::unwrapIfClosure()
#34 /root/unihup/vendor/laravel/framework/src/Illuminate/Container/BoundMethod.php(35): Illuminate\\Container\\BoundMethod::callBoundMethod()
#35 /root/unihup/vendor/laravel/framework/src/Illuminate/Container/Container.php(803): Illuminate\\Container\\BoundMethod::call()
#36 /root/unihup/vendor/laravel/framework/src/Illuminate/Console/Command.php(292): Illuminate\\Container\\Container->call()
#37 /root/unihup/vendor/symfony/console/Command/Command.php(341): Illuminate\\Console\\Command->execute()
#38 /root/unihup/vendor/laravel/framework/src/Illuminate/Console/Command.php(261): Symfony\\Component\\Console\\Command\\Command->run()
#39 /root/unihup/vendor/symfony/console/Application.php(1117): Illuminate\\Console\\Command->run()
#40 /root/unihup/vendor/symfony/console/Application.php(356): Symfony\\Component\\Console\\Application->doRunCommand()
#41 /root/unihup/vendor/symfony/console/Application.php(195): Symfony\\Component\\Console\\Application->doRun()
#42 /root/unihup/vendor/laravel/framework/src/Illuminate/Foundation/Console/Kernel.php(198): Symfony\\Component\\Console\\Application->run()
#43 /root/unihup/vendor/laravel/framework/src/Illuminate/Foundation/Application.php(1242): Illuminate\\Foundation\\Console\\Kernel->handle()
#44 /root/unihup/artisan(16): Illuminate\\Foundation\\Application->handleCommand()
#45 {main}

[previous exception] [object] (PDOException(code: HY000): SQLSTATE[HY000]: General error: 1 table \"sessions\" already exists at /root/unihup/vendor/laravel/framework/src/Illuminate/Database/Connection.php:595)
[stacktrace]
#0 /root/unihup/vendor/laravel/framework/src/Illuminate/Database/Connection.php(595): PDO->prepare()
#1 /root/unihup/vendor/laravel/framework/src/Illuminate/Database/Connection.php(846): Illuminate\\Database\\Connection->{closure:Illuminate\\Database\\Connection::statement():590}()
#2 /root/unihup/vendor/laravel/framework/src/Illuminate/Database/Connection.php(813): Illuminate\\Database\\Connection->runQueryCallback()
#3 /root/unihup/vendor/laravel/framework/src/Illuminate/Database/Connection.php(590): Illuminate\\Database\\Connection->run()
#4 /root/unihup/vendor/laravel/framework/src/Illuminate/Database/Schema/Blueprint.php(122): Illuminate\\Database\\Connection->statement()
#5 /root/unihup/vendor/laravel/framework/src/Illuminate/Database/Schema/Builder.php(702): Illuminate\\Database\\Schema\\Blueprint->build()
#6 /root/unihup/vendor/laravel/framework/src/Illuminate/Database/Schema/Builder.php(520): Illuminate\\Database\\Schema\\Builder->build()
#7 /root/unihup/vendor/laravel/framework/src/Illuminate/Support/Facades/Facade.php(364): Illuminate\\Database\\Schema\\Builder->create()
#8 /root/unihup/database/migrations/0001_01_01_000003_create_sessions_table.php(13): Illuminate\\Support\\Facades\\Facade::__callStatic()
#9 /root/unihup/vendor/laravel/framework/src/Illuminate/Database/Migrations/Migrator.php(517): Illuminate\\Database\\Migrations\\Migration@anonymous->up()
#10 /root/unihup/vendor/laravel/framework/src/Illuminate/Database/Migrations/Migrator.php(442): Illuminate\\Database\\Migrations\\Migrator->runMethod()
#11 /root/unihup/vendor/laravel/framework/src/Illuminate/Database/Migrations/Migrator.php(451): Illuminate\\Database\\Migrations\\Migrator->{closure:Illuminate\\Database\\Migrations\\Migrator::runMigration():438}()
#12 /root/unihup/vendor/laravel/framework/src/Illuminate/Database/Migrations/Migrator.php(253): Illuminate\\Database\\Migrations\\Migrator->runMigration()
#13 /root/unihup/vendor/laravel/framework/src/Illuminate/Console/View/Components/Task.php(43): Illuminate\\Database\\Migrations\\Migrator->{closure:Illuminate\\Database\\Migrations\\Migrator::runUp():253}()
#14 /root/unihup/vendor/laravel/framework/src/Illuminate/Database/Migrations/Migrator.php(853): Illuminate\\Console\\View\\Components\\Task->render()
#15 /root/unihup/vendor/laravel/framework/src/Illuminate/Database/Migrations/Migrator.php(253): Illuminate\\Database\\Migrations\\Migrator->write()
#16 /root/unihup/vendor/laravel/framework/src/Illuminate/Database/Migrations/Migrator.php(211): Illuminate\\Database\\Migrations\\Migrator->runUp()
#17 /root/unihup/vendor/laravel/framework/src/Illuminate/Database/Migrations/Migrator.php(138): Illuminate\\Database\\Migrations\\Migrator->runPending()
#18 /root/unihup/vendor/laravel/framework/src/Illuminate/Database/Console/Migrations/MigrateCommand.php(118): Illuminate\\Database\\Migrations\\Migrator->run()
#19 /root/unihup/vendor/laravel/framework/src/Illuminate/Database/Migrations/Migrator.php(672): Illuminate\\Database\\Console\\Migrations\\MigrateCommand->{closure:Illuminate\\Database\\Console\\Migrations\\MigrateCommand::runMigrations():111}()
#20 /root/unihup/vendor/laravel/framework/src/Illuminate/Database/Console/Migrations/MigrateCommand.php(111): Illuminate\\Database\\Migrations\\Migrator->usingConnection()
#21 /root/unihup/vendor/laravel/framework/src/Illuminate/Database/Console/Migrations/MigrateCommand.php(90): Illuminate\\Database\\Console\\Migrations\\MigrateCommand->runMigrations()
#22 /root/unihup/vendor/laravel/framework/src/Illuminate/Container/BoundMethod.php(36): Illuminate\\Database\\Console\\Migrations\\MigrateCommand->handle()
#23 /root/unihup/vendor/laravel/framework/src/Illuminate/Container/Util.php(43): Illuminate\\Container\\BoundMethod::{closure:Illuminate\\Container\\BoundMethod::call():35}()
#24 /root/unihup/vendor/laravel/framework/src/Illuminate/Container/BoundMethod.php(96): Illuminate\\Container\\Util::unwrapIfClosure()
#25 /root/unihup/vendor/laravel/framework/src/Illuminate/Container/BoundMethod.php(35): Illuminate\\Container\\BoundMethod::callBoundMethod()
#26 /root/unihup/vendor/laravel/framework/src/Illuminate/Container/Container.php(803): Illuminate\\Container\\BoundMethod::call()
#27 /root/unihup/vendor/laravel/framework/src/Illuminate/Console/Command.php(292): Illuminate\\Container\\Container->call()
#28 /root/unihup/vendor/symfony/console/Command/Command.php(341): Illuminate\\Console\\Command->execute()
#29 /root/unihup/vendor/laravel/framework/src/Illuminate/Console/Command.php(261): Symfony\\Component\\Console\\Command\\Command->run()
#30 /root/unihup/vendor/laravel/framework/src/Illuminate/Console/Concerns/CallsCommands.php(68): Illuminate\\Console\\Command->run()
#31 /root/unihup/vendor/laravel/framework/src/Illuminate/Console/Concerns/CallsCommands.php(29): Illuminate\\Console\\Command->runCommand()
#32 /root/unihup/vendor/laravel/framework/src/Illuminate/Database/Console/Migrations/FreshCommand.php(96): Illuminate\\Console\\Command->call()
#33 /root/unihup/vendor/laravel/framework/src/Illuminate/Container/BoundMethod.php(36): Illuminate\\Database\\Console\\Migrations\\FreshCommand->handle()
#34 /root/unihup/vendor/laravel/framework/src/Illuminate/Container/Util.php(43): Illuminate\\Container\\BoundMethod::{closure:Illuminate\\Container\\BoundMethod::call():35}()
#35 /root/unihup/vendor/laravel/framework/src/Illuminate/Container/BoundMethod.php(96): Illuminate\\Container\\Util::unwrapIfClosure()
#36 /root/unihup/vendor/laravel/framework/src/Illuminate/Container/BoundMethod.php(35): Illuminate\\Container\\BoundMethod::callBoundMethod()
#37 /root/unihup/vendor/laravel/framework/src/Illuminate/Container/Container.php(803): Illuminate\\Container\\BoundMethod::call()
#38 /root/unihup/vendor/laravel/framework/src/Illuminate/Console/Command.php(292): Illuminate\\Container\\Container->call()
#39 /root/unihup/vendor/symfony/console/Command/Command.php(341): Illuminate\\Console\\Command->execute()
#40 /root/unihup/vendor/laravel/framework/src/Illuminate/Console/Command.php(261): Symfony\\Component\\Console\\Command\\Command->run()
#41 /root/unihup/vendor/symfony/console/Application.php(1117): Illuminate\\Console\\Command->run()
#42 /root/unihup/vendor/symfony/console/Application.php(356): Symfony\\Component\\Console\\Application->doRunCommand()
#43 /root/unihup/vendor/symfony/console/Application.php(195): Symfony\\Component\\Console\\Application->doRun()
#44 /root/unihup/vendor/laravel/framework/src/Illuminate/Foundation/Console/Kernel.php(198): Symfony\\Component\\Console\\Application->run()
#45 /root/unihup/vendor/laravel/framework/src/Illuminate/Foundation/Application.php(1242): Illuminate\\Foundation\\Console\\Kernel->handle()
#46 /root/unihup/artisan(16): Illuminate\\Foundation\\Application->handleCommand()
#47 {main}
"} 
[2026-08-25 21:01:34] testing.ERROR: Route [filament.admin.pages.universities] not defined. {"userId":2,"exception":"[object] (Symfony\\Component\\Routing\\Exception\\RouteNotFoundException(code: 0): Route [filament.admin.pages.universities] not defined. at /root/unihup/vendor/laravel/framework/src/Illuminate/Routing/UrlGenerator.php:542)
[stacktrace]
#0 /root/unihup/vendor/laravel/framework/src/Illuminate/Foundation/helpers.php(870): Illuminate\\Routing\\UrlGenerator->route()
#1 /root/unihup/vendor/filament/filament/src/Pages/Page.php(60): route()
#2 /root/unihup/vendor/filament/filament/src/Pages/Page.php(193): Filament\\Pages\\Page::getUrl()
#3 /root/unihup/vendor/filament/filament/src/Pages/Page.php(109): Filament\\Pages\\Page::getNavigationUrl()
#4 /root/unihup/vendor/filament/filament/src/Pages/Page.php(91): Filament\\Pages\\Page::getNavigationItems()
#5 /root/unihup/vendor/filament/filament/src/Navigation/NavigationManager.php(137): Filament\\Pages\\Page::registerNavigationItems()
#6 /root/unihup/vendor/filament/filament/src/Navigation/NavigationManager.php(50): Filament\\Navigation\\NavigationManager->mountNavigation()
#7 /root/unihup/vendor/filament/filament/src/Panel/Concerns/HasRoutes.php(193): Filament\\Navigation\\NavigationManager->get()
#8 /root/unihup/vendor/filament/filament/src/FilamentManager.php(525): Filament\\Panel->getUrl()
#9 /root/unihup/vendor/filament/filament/src/Pages/Auth/EditProfile.php(351): Filament\\FilamentManager->getUrl()
#10 /root/unihup/vendor/filament/filament/src/Pages/Auth/EditProfile.php(308): Filament\\Pages\\Auth\\EditProfile->backAction()
#11 /root/unihup/vendor/filament/filament/src/Pages/Auth/EditProfile.php(302): Filament\\Pages\\Auth\\EditProfile->getCancelFormAction()
#12 /root/unihup/vendor/filament/filament/src/Pages/Concerns/InteractsWithFormActions.php(27): Filament\\Pages\\Auth\\EditProfile->getFormActions()
#13 /root/unihup/vendor/filament/support/src/Components/ComponentManager.php(80): Filament\\Pages\\Auth\\EditProfile->{closure:Filament\\Pages\\Concerns\\InteractsWithFormActions::cacheFormActions():27}()
#14 /root/unihup/vendor/filament/support/src/Concerns/Configurable.php(12): Filament\\Support\\Components\\ComponentManager->configureUsing()
#15 /root/unihup/vendor/filament/filament/src/Pages/Concerns/InteractsWithFormActions.php(25): Filament\\Support\\Components\\Component::configureUsing()
#16 /root/unihup/vendor/filament/filament/src/Pages/Concerns/InteractsWithFormActions.php(19): Filament\\Pages\\Auth\\EditProfile->cacheFormActions()
#17 /root/unihup/vendor/laravel/framework/src/Illuminate/Container/BoundMethod.php(36): Filament\\Pages\\Auth\\EditProfile->bootedInteractsWithFormActions()
#18 /root/unihup/vendor/laravel/framework/src/Illuminate/Container/Util.php(43): Illuminate\\Container\\BoundMethod::{closure:Illuminate\\Container\\BoundMethod::call():35}()
#19 /root/unihup/vendor/laravel/framework/src/Illuminate/Container/BoundMethod.php(96): Illuminate\\Container\\Util::unwrapIfClosure()
#20 /root/unihup/vendor/laravel/framework/src/Illuminate/Container/BoundMethod.php(35): Illuminate\\Container\\BoundMethod::callBoundMethod()
#21 /root/unihup/vendor/livewire/livewire/src/Wrapped.php(23): Illuminate\\Container\\BoundMethod::call()
#22 /root/unihup/vendor/livewire/livewire/src/Features/SupportLifecycleHooks/SupportLifecycleHooks.php(144): Livewire\\Wrapped->__call()
#23 /root/unihup/vendor/livewire/livewire/src/Features/SupportLifecycleHooks/SupportLifecycleHooks.php(24): Livewire\\Features\\SupportLifecycleHooks\\SupportLifecycleHooks->callTraitHook()
#24 /root/unihup/vendor/livewire/livewire/src/ComponentHook.php(19): Livewire\\Features\\SupportLifecycleHooks\\SupportLifecycleHooks->mount()
#25 /root/unihup/vendor/livewire/livewire/src/ComponentHookRegistry.php(45): Livewire\\ComponentHook->callMount()
#26 /root/unihup/vendor/livewire/livewire/src/EventBus.php(60): Livewire\\ComponentHookRegistry::{closure:Livewire\\ComponentHookRegistry::boot():39}()
#27 /root/unihup/vendor/livewire/livewire/src/helpers.php(98): Livewire\\EventBus->trigger()
#28 /root/unihup/vendor/livewire/livewire/src/Mechanisms/HandleComponents/HandleComponents.php(50): Livewire\\trigger()
#29 /root/unihup/vendor/livewire/livewire/src/LivewireManager.php(73): Livewire\\Mechanisms\\HandleComponents\\HandleComponents->mount()
#30 /root/unihup/vendor/livewire/livewire/src/Features/SupportPageComponents/HandlesPageComponents.php(17): Livewire\\LivewireManager->mount()
#31 /root/unihup/vendor/livewire/livewire/src/Features/SupportPageComponents/SupportPageComponents.php(117): Livewire\\Component->{closure:Livewire\\Features\\SupportPageComponents\\HandlesPageComponents::__invoke():14}()
#32 /root/unihup/vendor/livewire/livewire/src/Features/SupportPageComponents/HandlesPageComponents.php(14): Livewire\\Features\\SupportPageComponents\\SupportPageComponents::interceptTheRenderOfTheComponentAndRetreiveTheLayoutConfiguration()
#33 /root/unihup/vendor/laravel/framework/src/Illuminate/Routing/ControllerDispatcher.php(46): Livewire\\Component->__invoke()
#34 /root/unihup/vendor/laravel/framework/src/Illuminate/Routing/Route.php(276): Illuminate\\Routing\\ControllerDispatcher->dispatch()
#35 /root/unihup/vendor/laravel/framework/src/Illuminate/Routing/Route.php(216): Illuminate\\Routing\\Route->runController()
#36 /root/unihup/vendor/laravel/framework/src/Illuminate/Routing/Router.php(822): Illuminate\\Routing\\Route->run()
#37 /root/unihup/vendor/laravel/framework/src/Illuminate/Pipeline/Pipeline.php(180): Illuminate\\Routing\\Router->{closure:Illuminate\\Routing\\Router::runRouteWithinStack():821}()
#38 /root/unihup/vendor/laravel/framework/src/Illuminate/Auth/Middleware/EnsureEmailIsVerified.php(41): Illuminate\\Pipeline\\Pipeline->{closure:Illuminate\\Pipeline\\Pipeline::prepareDestination():178}()
#39 /root/unihup/vendor/laravel/framework/src/Illuminate/Pipeline/Pipeline.php(219): Illuminate\\Auth\\Middleware\\EnsureEmailIsVerified->handle()
#40 /root/unihup/vendor/filament/filament/src/Http/Middleware/DispatchServingFilamentEvent.php(15): Illuminate\\Pipeline\\Pipeline->{closure:{closure:Illuminate\\Pipeline\\Pipeline::carry():194}:195}()
#41 /root/unihup/vendor/laravel/framework/src/Illuminate/Pipeline/Pipeline.php(219): Filament\\Http\\Middleware\\DispatchServingFilamentEvent->handle()
#42 /root/unihup/vendor/filament/filament/src/Http/Middleware/DisableBladeIconComponents.php(14): Illuminate\\Pipeline\\Pipeline->{closure:{closure:Illuminate\\Pipeline\\Pipeline::carry():194}:195}()
#43 /root/unihup/vendor/laravel/framework/src/Illuminate/Pipeline/Pipeline.php(219): Filament\\Http\\Middleware\\DisableBladeIconComponents->handle()
#44 /root/unihup/vendor/laravel/framework/src/Illuminate/Routing/Middleware/SubstituteBindings.php(52): Illuminate\\Pipeline\\Pipeline->{closure:{closure:Illuminate\\Pipeline\\Pipeline::carry():194}:195}()
#45 /root/unihup/vendor/laravel/framework/src/Illuminate/Pipeline/Pipeline.php(219): Illuminate\\Routing\\Middleware\\SubstituteBindings->handle()
#46 /root/unihup/vendor/laravel/framework/src/Illuminate/Foundation/Http/Middleware/PreventRequestForgery.php(104): Illuminate\\Pipeline\\Pipeline->{closure:{closure:Illuminate\\Pipeline\\Pipeline::carry():194}:195}()
#47 /root/unihup/vendor/laravel/framework/src/Illuminate/Pipeline/Pipeline.php(219): Illuminate\\Foundation\\Http\\Middleware\\PreventRequestForgery->handle()
#48 /root/unihup/vendor/laravel/framework/src/Illuminate/Session/Middleware/AuthenticateSession.php(70): Illuminate\\Pipeline\\Pipeline->{closure:{closure:Illuminate\\Pipeline\\Pipeline::carry():194}:195}()
#49 /root/unihup/vendor/laravel/framework/src/Illuminate/Pipeline/Pipeline.php(219): Illuminate\\Session\\Middleware\\AuthenticateSession->handle()
#50 /root/unihup/vendor/laravel/framework/src/Illuminate/Auth/Middleware/Authenticate.php(63): Illuminate\\Pipeline\\Pipeline->{closure:{closure:Illuminate\\Pipeline\\Pipeline::carry():194}:195}()
#51 /root/unihup/vendor/laravel/framework/src/Illuminate/Pipeline/Pipeline.php(219): Illuminate\\Auth\\Middleware\\Authenticate->handle()
#52 /root/unihup/vendor/laravel/framework/src/Illuminate/View/Middleware/ShareErrorsFromSession.php(48): Illuminate\\Pipeline\\Pipeline->{closure:{closure:Illuminate\\Pipeline\\Pipeline::carry():194}:195}()
#53 /root/unihup/vendor/laravel/framework/src/Illuminate/Pipeline/Pipeline.php(219): Illuminate\\View\\Middleware\\ShareErrorsFromSession->handle()
#54 /root/unihup/vendor/laravel/framework/src/Illuminate/Session/Middleware/StartSession.php(120): Illuminate\\Pipeline\\Pipeline->{closure:{closure:Illuminate\\Pipeline\\Pipeline::carry():194}:195}()
#55 /root/unihup/vendor/laravel/framework/src/Illuminate/Session/Middleware/StartSession.php(63): Illuminate\\Session\\Middleware\\StartSession->handleStatefulRequest()
#56 /root/unihup/vendor/laravel/framework/src/Illuminate/Pipeline/Pipeline.php(219): Illuminate\\Session\\Middleware\\StartSession->handle()
#57 /root/unihup/vendor/laravel/framework/src/Illuminate/Cookie/Middleware/AddQueuedCookiesToResponse.php(36): Illuminate\\Pipeline\\Pipeline->{closure:{closure:Illuminate\\Pipeline\\Pipeline::carry():194}:195}()
#58 /root/unihup/vendor/laravel/framework/src/Illuminate/Pipeline/Pipeline.php(219): Illuminate\\Cookie\\Middleware\\AddQueuedCookiesToResponse->handle()
#59 /root/unihup/vendor/laravel/framework/src/Illuminate/Cookie/Middleware/EncryptCookies.php(74): Illuminate\\Pipeline\\Pipeline->{closure:{closure:Illuminate\\Pipeline\\Pipeline::carry():194}:195}()
#60 /root/unihup/vendor/laravel/framework/src/Illuminate/Pipeline/Pipeline.php(219): Illuminate\\Cookie\\Middleware\\EncryptCookies->handle()
#61 /root/unihup/vendor/filament/filament/src/Http/Middleware/SetUpPanel.php(19): Illuminate\\Pipeline\\Pipeline->{closure:{closure:Illuminate\\Pipeline\\Pipeline::carry():194}:195}()
#62 /root/unihup/vendor/laravel/framework/src/Illuminate/Pipeline/Pipeline.php(219): Filament\\Http\\Middleware\\SetUpPanel->handle()
#63 /root/unihup/vendor/laravel/framework/src/Illuminate/Pipeline/Pipeline.php(137): Illuminate\\Pipeline\\Pipeline->{closure:{closure:Illuminate\\Pipeline\\Pipeline::carry():194}:195}()
#64 /root/unihup/vendor/laravel/framework/src/Illuminate/Routing/Router.php(821): Illuminate\\Pipeline\\Pipeline->then()
#65 /root/unihup/vendor/laravel/framework/src/Illuminate/Routing/Router.php(800): Illuminate\\Routing\\Router->runRouteWithinStack()
#66 /root/unihup/vendor/laravel/framework/src/Illuminate/Routing/Router.php(764): Illuminate\\Routing\\Router->runRoute()
#67 /root/unihup/vendor/laravel/framework/src/Illuminate/Routing/Router.php(753): Illuminate\\Routing\\Router->dispatchToRoute()
#68 /root/unihup/vendor/laravel/framework/src/Illuminate/Foundation/Http/Kernel.php(200): Illuminate\\Routing\\Router->dispatch()
#69 /root/unihup/vendor/laravel/framework/src/Illuminate/Pipeline/Pipeline.php(180): Illuminate\\Foundation\\Http\\Kernel->{closure:Illuminate\\Foundation\\Http\\Kernel::dispatchToRouter():197}()
#70 /root/unihup/vendor/livewire/livewire/src/Features/SupportDisablingBackButtonCache/DisableBackButtonCacheMiddleware.php(19): Illuminate\\Pipeline\\Pipeline->{closure:Illuminate\\Pipeline\\Pipeline::prepareDestination():178}()
#71 /root/unihup/vendor/laravel/framework/src/Illuminate/Pipeline/Pipeline.php(219): Livewire\\Features\\SupportDisablingBackButtonCache\\DisableBackButtonCacheMiddleware->handle()
#72 /root/unihup/vendor/laravel/framework/src/Illuminate/Foundation/Http/Middleware/TransformsRequest.php(21): Illuminate\\Pipeline\\Pipeline->{closure:{closure:Illuminate\\Pipeline\\Pipeline::carry():194}:195}()
#73 /root/unihup/vendor/laravel/framework/src/Illuminate/Foundation/Http/Middleware/ConvertEmptyStringsToNull.php(31): Illuminate\\Foundation\\Http\\Middleware\\TransformsRequest->handle()
#74 /root/unihup/vendor/laravel/framework/src/Illuminate/Pipeline/Pipeline.php(219): Illuminate\\Foundation\\Http\\Middleware\\ConvertEmptyStringsToNull->handle()
#75 /root/unihup/vendor/laravel/framework/src/Illuminate/Foundation/Http/Middleware/TransformsRequest.php(21): Illuminate\\Pipeline\\Pipeline->{closure:{closure:Illuminate\\Pipeline\\Pipeline::carry():194}:195}()
#76 /root/unihup/vendor/laravel/framework/src/Illuminate/Foundation/Http/Middleware/TrimStrings.php(51): Illuminate\\Foundation\\Http\\Middleware\\TransformsRequest->handle()
#77 /root/unihup/vendor/laravel/framework/src/Illuminate/Pipeline/Pipeline.php(219): Illuminate\\Foundation\\Http\\Middleware\\TrimStrings->handle()
#78 /root/unihup/vendor/laravel/framework/src/Illuminate/Http/Middleware/ValidatePostSize.php(27): Illuminate\\Pipeline\\Pipeline->{closure:{closure:Illuminate\\Pipeline\\Pipeline::carry():194}:195}()
#79 /root/unihup/vendor/laravel/framework/src/Illuminate/Pipeline/Pipeline.php(219): Illuminate\\Http\\Middleware\\ValidatePostSize->handle()
#80 /root/unihup/vendor/laravel/framework/src/Illuminate/Foundation/Http/Middleware/PreventRequestsDuringMaintenance.php(110): Illuminate\\Pipeline\\Pipeline->{closure:{closure:Illuminate\\Pipeline\\Pipeline::carry():194}:195}()
#81 /root/unihup/vendor/laravel/framework/src/Illuminate/Pipeline/Pipeline.php(219): Illuminate\\Foundation\\Http\\Middleware\\PreventRequestsDuringMaintenance->handle()
#82 /root/unihup/vendor/laravel/framework/src/Illuminate/Http/Middleware/HandleCors.php(61): Illuminate\\Pipeline\\Pipeline->{closure:{closure:Illuminate\\Pipeline\\Pipeline::carry():194}:195}()
#83 /root/unihup/vendor/laravel/framework/src/Illuminate/Pipeline/Pipeline.php(219): Illuminate\\Http\\Middleware\\HandleCors->handle()
#84 /root/unihup/vendor/laravel/framework/src/Illuminate/Http/Middleware/TrustProxies.php(58): Illuminate\\Pipeline\\Pipeline->{closure:{closure:Illuminate\\Pipeline\\Pipeline::carry():194}:195}()
#85 /root/unihup/vendor/laravel/framework/src/Illuminate/Pipeline/Pipeline.php(219): Illuminate\\Http\\Middleware\\TrustProxies->handle()
#86 /root/unihup/vendor/laravel/framework/src/Illuminate/Foundation/Http/Middleware/InvokeDeferredCallbacks.php(22): Illuminate\\Pipeline\\Pipeline->{closure:{closure:Illuminate\\Pipeline\\Pipeline::carry():194}:195}()
#87 /root/unihup/vendor/laravel/framework/src/Illuminate/Pipeline/Pipeline.php(219): Illuminate\\Foundation\\Http\\Middleware\\InvokeDeferredCallbacks->handle()
#88 /root/unihup/vendor/laravel/framework/src/Illuminate/Http/Middleware/ValidatePathEncoding.php(28): Illuminate\\Pipeline\\Pipeline->{closure:{closure:Illuminate\\Pipeline\\Pipeline::carry():194}:195}()
#89 /root/unihup/vendor/laravel/framework/src/Illuminate/Pipeline/Pipeline.php(219): Illuminate\\Http\\Middleware\\ValidatePathEncoding->handle()
#90 /root/unihup/vendor/laravel/framework/src/Illuminate/Pipeline/Pipeline.php(137): Illuminate\\Pipeline\\Pipeline->{closure:{closure:Illuminate\\Pipeline\\Pipeline::carry():194}:195}()
#91 /root/unihup/vendor/laravel/framework/src/Illuminate/Foundation/Http/Kernel.php(175): Illuminate\\Pipeline\\Pipeline->then()
#92 /root/unihup/vendor/laravel/framework/src/Illuminate/Foundation/Http/Kernel.php(144): Illuminate\\Foundation\\Http\\Kernel->sendRequestThroughRouter()
#93 /root/unihup/vendor/laravel/framework/src/Illuminate/Foundation/Testing/Concerns/MakesHttpRequests.php(638): Illuminate\\Foundation\\Http\\Kernel->handle()
#94 /root/unihup/vendor/laravel/framework/src/Illuminate/Foundation/Testing/Concerns/MakesHttpRequests.php(368): Illuminate\\Foundation\\Testing\\TestCase->call()
#95 /root/unihup/tests/Feature/EditProfileTest.php(37): Illuminate\\Foundation\\Testing\\TestCase->get()
#96 /root/unihup/vendor/phpunit/phpunit/src/Framework/TestCase.php(1318): Tests\\Feature\\EditProfileTest->test_authenticated_user_can_load_the_profile_page()
#97 /root/unihup/vendor/phpunit/phpunit/src/Framework/TestCase.php(1355): PHPUnit\\Framework\\TestCase->invokeTestMethod()
#98 /root/unihup/vendor/phpunit/phpunit/src/Framework/TestCase.php(521): PHPUnit\\Framework\\TestCase->runTest()
#99 /root/unihup/vendor/phpunit/phpunit/src/Framework/TestRunner/TestRunner.php(99): PHPUnit\\Framework\\TestCase->runBare()
#100 /root/unihup/vendor/phpunit/phpunit/src/Framework/TestCase.php(361): PHPUnit\\Framework\\TestRunner->run()
#101 /root/unihup/vendor/phpunit/phpunit/src/Framework/TestSuite.php(374): PHPUnit\\Framework\\TestCase->run()
#102 /root/unihup/vendor/phpunit/phpunit/src/Framework/TestSuite.php(374): PHPUnit\\Framework\\TestSuite->run()
#103 /root/unihup/vendor/phpunit/phpunit/src/Framework/TestSuite.php(374): PHPUnit\\Framework\\TestSuite->run()
#104 /root/unihup/vendor/phpunit/phpunit/src/TextUI/TestRunner.php(64): PHPUnit\\Framework\\TestSuite->run()
#105 /root/unihup/vendor/phpunit/phpunit/src/TextUI/Application.php(229): PHPUnit\\TextUI\\TestRunner->run()
#106 /root/unihup/vendor/phpunit/phpunit/phpunit(104): PHPUnit\\TextUI\\Application->run()
#107 {main}
"} 
[2026-08-25 21:01:52] testing.ERROR: Route [filament.admin.pages.universities] not defined. (View: /root/unihup/vendor/filament/filament/resources/views/components/layout/index.blade.php) (View: /root/unihup/vendor/filament/filament/resources/views/components/layout/index.blade.php) {"userId":1,"exception":"[object] (Illuminate\\View\\ViewException(code: 0): Route [filament.admin.pages.universities] not defined. (View: /root/unihup/vendor/filament/filament/resources/views/components/layout/index.blade.php) (View: /root/unihup/vendor/filament/filament/resources/views/components/layout/index.blade.php) at /root/unihup/vendor/laravel/framework/src/Illuminate/Routing/UrlGenerator.php:542)
[stacktrace]
#0 /root/unihup/vendor/livewire/livewire/src/Mechanisms/ExtendBlade/ExtendedCompilerEngine.php(58): Illuminate\\View\\Engines\\CompilerEngine->handleViewException()
#1 /root/unihup/vendor/laravel/framework/src/Illuminate/View/Engines/PhpEngine.php(59): Livewire\\Mechanisms\\ExtendBlade\\ExtendedCompilerEngine->handleViewException()
#2 /root/unihup/vendor/livewire/livewire/src/Mechanisms/ExtendBlade/ExtendedCompilerEngine.php(22): Illuminate\\View\\Engines\\PhpEngine->evaluatePath()
#3 /root/unihup/vendor/laravel/framework/src/Illuminate/View/Engines/CompilerEngine.php(76): Livewire\\Mechanisms\\ExtendBlade\\ExtendedCompilerEngine->evaluatePath()
#4 /root/unihup/vendor/livewire/livewire/src/Mechanisms/ExtendBlade/ExtendedCompilerEngine.php(10): Illuminate\\View\\Engines\\CompilerEngine->get()
#5 /root/unihup/vendor/laravel/framework/src/Illuminate/View/View.php(208): Livewire\\Mechanisms\\ExtendBlade\\ExtendedCompilerEngine->get()
#6 /root/unihup/vendor/laravel/framework/src/Illuminate/View/View.php(191): Illuminate\\View\\View->getContents()
#7 /root/unihup/vendor/laravel/framework/src/Illuminate/View/View.php(160): Illuminate\\View\\View->renderContents()
#8 /root/unihup/vendor/laravel/framework/src/Illuminate/View/Compilers/BladeCompiler.php(361): Illuminate\\View\\View->render()
#9 /root/unihup/vendor/laravel/framework/src/Illuminate/Support/Facades/Facade.php(364): Illuminate\\View\\Compilers\\BladeCompiler::render()
#10 /root/unihup/vendor/livewire/livewire/src/Features/SupportPageComponents/SupportPageComponents.php(153): Illuminate\\Support\\Facades\\Facade::__callStatic()
#11 /root/unihup/vendor/livewire/livewire/src/Features/SupportPageComponents/HandlesPageComponents.php(24): Livewire\\Features\\SupportPageComponents\\SupportPageComponents::renderContentsIntoLayout()
#12 /root/unihup/vendor/laravel/framework/src/Illuminate/Routing/ControllerDispatcher.php(46): Livewire\\Component->__invoke()
#13 /root/unihup/vendor/laravel/framework/src/Illuminate/Routing/Route.php(276): Illuminate\\Routing\\ControllerDispatcher->dispatch()
#14 /root/unihup/vendor/laravel/framework/src/Illuminate/Routing/Route.php(216): Illuminate\\Routing\\Route->runController()
#15 /root/unihup/vendor/laravel/framework/src/Illuminate/Routing/Router.php(822): Illuminate\\Routing\\Route->run()
#16 /root/unihup/vendor/laravel/framework/src/Illuminate/Pipeline/Pipeline.php(180): Illuminate\\Routing\\Router->{closure:Illuminate\\Routing\\Router::runRouteWithinStack():821}()
#17 /root/unihup/vendor/laravel/framework/src/Illuminate/Auth/Middleware/EnsureEmailIsVerified.php(41): Illuminate\\Pipeline\\Pipeline->{closure:Illuminate\\Pipeline\\Pipeline::prepareDestination():178}()
#18 /root/unihup/vendor/laravel/framework/src/Illuminate/Pipeline/Pipeline.php(219): Illuminate\\Auth\\Middleware\\EnsureEmailIsVerified->handle()
#19 /root/unihup/vendor/filament/filament/src/Http/Middleware/DispatchServingFilamentEvent.php(15): Illuminate\\Pipeline\\Pipeline->{closure:{closure:Illuminate\\Pipeline\\Pipeline::carry():194}:195}()
#20 /root/unihup/vendor/laravel/framework/src/Illuminate/Pipeline/Pipeline.php(219): Filament\\Http\\Middleware\\DispatchServingFilamentEvent->handle()
#21 /root/unihup/vendor/filament/filament/src/Http/Middleware/DisableBladeIconComponents.php(14): Illuminate\\Pipeline\\Pipeline->{closure:{closure:Illuminate\\Pipeline\\Pipeline::carry():194}:195}()
#22 /root/unihup/vendor/laravel/framework/src/Illuminate/Pipeline/Pipeline.php(219): Filament\\Http\\Middleware\\DisableBladeIconComponents->handle()
#23 /root/unihup/vendor/laravel/framework/src/Illuminate/Routing/Middleware/SubstituteBindings.php(52): Illuminate\\Pipeline\\Pipeline->{closure:{closure:Illuminate\\Pipeline\\Pipeline::carry():194}:195}()
#24 /root/unihup/vendor/laravel/framework/src/Illuminate/Pipeline/Pipeline.php(219): Illuminate\\Routing\\Middleware\\SubstituteBindings->handle()
#25 /root/unihup/vendor/laravel/framework/src/Illuminate/Foundation/Http/Middleware/PreventRequestForgery.php(104): Illuminate\\Pipeline\\Pipeline->{closure:{closure:Illuminate\\Pipeline\\Pipeline::carry():194}:195}()
#26 /root/unihup/vendor/laravel/framework/src/Illuminate/Pipeline/Pipeline.php(219): Illuminate\\Foundation\\Http\\Middleware\\PreventRequestForgery->handle()
#27 /root/unihup/vendor/laravel/framework/src/Illuminate/Session/Middleware/AuthenticateSession.php(70): Illuminate\\Pipeline\\Pipeline->{closure:{closure:Illuminate\\Pipeline\\Pipeline::carry():194}:195}()
#28 /root/unihup/vendor/laravel/framework/src/Illuminate/Pipeline/Pipeline.php(219): Illuminate\\Session\\Middleware\\AuthenticateSession->handle()
#29 /root/unihup/vendor/laravel/framework/src/Illuminate/Auth/Middleware/Authenticate.php(63): Illuminate\\Pipeline\\Pipeline->{closure:{closure:Illuminate\\Pipeline\\Pipeline::carry():194}:195}()
#30 /root/unihup/vendor/laravel/framework/src/Illuminate/Pipeline/Pipeline.php(219): Illuminate\\Auth\\Middleware\\Authenticate->handle()
#31 /root/unihup/vendor/laravel/framework/src/Illuminate/View/Middleware/ShareErrorsFromSession.php(48): Illuminate\\Pipeline\\Pipeline->{closure:{closure:Illuminate\\Pipeline\\Pipeline::carry():194}:195}()
#32 /root/unihup/vendor/laravel/framework/src/Illuminate/Pipeline/Pipeline.php(219): Illuminate\\View\\Middleware\\ShareErrorsFromSession->handle()
#33 /root/unihup/vendor/laravel/framework/src/Illuminate/Session/Middleware/StartSession.php(120): Illuminate\\Pipeline\\Pipeline->{closure:{closure:Illuminate\\Pipeline\\Pipeline::carry():194}:195}()
#34 /root/unihup/vendor/laravel/framework/src/Illuminate/Session/Middleware/StartSession.php(63): Illuminate\\Session\\Middleware\\StartSession->handleStatefulRequest()
#35 /root/unihup/vendor/laravel/framework/src/Illuminate/Pipeline/Pipeline.php(219): Illuminate\\Session\\Middleware\\StartSession->handle()
#36 /root/unihup/vendor/laravel/framework/src/Illuminate/Cookie/Middleware/AddQueuedCookiesToResponse.php(36): Illuminate\\Pipeline\\Pipeline->{closure:{closure:Illuminate\\Pipeline\\Pipeline::carry():194}:195}()
#37 /root/unihup/vendor/laravel/framework/src/Illuminate/Pipeline/Pipeline.php(219): Illuminate\\Cookie\\Middleware\\AddQueuedCookiesToResponse->handle()
#38 /root/unihup/vendor/laravel/framework/src/Illuminate/Cookie/Middleware/EncryptCookies.php(74): Illuminate\\Pipeline\\Pipeline->{closure:{closure:Illuminate\\Pipeline\\Pipeline::carry():194}:195}()
#39 /root/unihup/vendor/laravel/framework/src/Illuminate/Pipeline/Pipeline.php(219): Illuminate\\Cookie\\Middleware\\EncryptCookies->handle()
#40 /root/unihup/vendor/filament/filament/src/Http/Middleware/SetUpPanel.php(19): Illuminate\\Pipeline\\Pipeline->{closure:{closure:Illuminate\\Pipeline\\Pipeline::carry():194}:195}()
#41 /root/unihup/vendor/laravel/framework/src/Illuminate/Pipeline/Pipeline.php(219): Filament\\Http\\Middleware\\SetUpPanel->handle()
#42 /root/unihup/vendor/laravel/framework/src/Illuminate/Pipeline/Pipeline.php(137): Illuminate\\Pipeline\\Pipeline->{closure:{closure:Illuminate\\Pipeline\\Pipeline::carry():194}:195}()
#43 /root/unihup/vendor/laravel/framework/src/Illuminate/Routing/Router.php(821): Illuminate\\Pipeline\\Pipeline->then()
#44 /root/unihup/vendor/laravel/framework/src/Illuminate/Routing/Router.php(800): Illuminate\\Routing\\Router->runRouteWithinStack()
#45 /root/unihup/vendor/laravel/framework/src/Illuminate/Routing/Router.php(764): Illuminate\\Routing\\Router->runRoute()
#46 /root/unihup/vendor/laravel/framework/src/Illuminate/Routing/Router.php(753): Illuminate\\Routing\\Router->dispatchToRoute()
#47 /root/unihup/vendor/laravel/framework/src/Illuminate/Foundation/Http/Kernel.php(200): Illuminate\\Routing\\Router->dispatch()
#48 /root/unihup/vendor/laravel/framework/src/Illuminate/Pipeline/Pipeline.php(180): Illuminate\\Foundation\\Http\\Kernel->{closure:Illuminate\\Foundation\\Http\\Kernel::dispatchToRouter():197}()
#49 /root/unihup/vendor/livewire/livewire/src/Features/SupportDisablingBackButtonCache/DisableBackButtonCacheMiddleware.php(19): Illuminate\\Pipeline\\Pipeline->{closure:Illuminate\\Pipeline\\Pipeline::prepareDestination():178}()
#50 /root/unihup/vendor/laravel/framework/src/Illuminate/Pipeline/Pipeline.php(219): Livewire\\Features\\SupportDisablingBackButtonCache\\DisableBackButtonCacheMiddleware->handle()
#51 /root/unihup/vendor/laravel/framework/src/Illuminate/Foundation/Http/Middleware/TransformsRequest.php(21): Illuminate\\Pipeline\\Pipeline->{closure:{closure:Illuminate\\Pipeline\\Pipeline::carry():194}:195}()
#52 /root/unihup/vendor/laravel/framework/src/Illuminate/Foundation/Http/Middleware/ConvertEmptyStringsToNull.php(31): Illuminate\\Foundation\\Http\\Middleware\\TransformsRequest->handle()
#53 /root/unihup/vendor/laravel/framework/src/Illuminate/Pipeline/Pipeline.php(219): Illuminate\\Foundation\\Http\\Middleware\\ConvertEmptyStringsToNull->handle()
#54 /root/unihup/vendor/laravel/framework/src/Illuminate/Foundation/Http/Middleware/TransformsRequest.php(21): Illuminate\\Pipeline\\Pipeline->{closure:{closure:Illuminate\\Pipeline\\Pipeline::carry():194}:195}()
#55 /root/unihup/vendor/laravel/framework/src/Illuminate/Foundation/Http/Middleware/TrimStrings.php(51): Illuminate\\Foundation\\Http\\Middleware\\TransformsRequest->handle()
#56 /root/unihup/vendor/laravel/framework/src/Illuminate/Pipeline/Pipeline.php(219): Illuminate\\Foundation\\Http\\Middleware\\TrimStrings->handle()
#57 /root/unihup/vendor/laravel/framework/src/Illuminate/Http/Middleware/ValidatePostSize.php(27): Illuminate\\Pipeline\\Pipeline->{closure:{closure:Illuminate\\Pipeline\\Pipeline::carry():194}:195}()
#58 /root/unihup/vendor/laravel/framework/src/Illuminate/Pipeline/Pipeline.php(219): Illuminate\\Http\\Middleware\\ValidatePostSize->handle()
#59 /root/unihup/vendor/laravel/framework/src/Illuminate/Foundation/Http/Middleware/PreventRequestsDuringMaintenance.php(110): Illuminate\\Pipeline\\Pipeline->{closure:{closure:Illuminate\\Pipeline\\Pipeline::carry():194}:195}()
#60 /root/unihup/vendor/laravel/framework/src/Illuminate/Pipeline/Pipeline.php(219): Illuminate\\Foundation\\Http\\Middleware\\PreventRequestsDuringMaintenance->handle()
#61 /root/unihup/vendor/laravel/framework/src/Illuminate/Http/Middleware/HandleCors.php(61): Illuminate\\Pipeline\\Pipeline->{closure:{closure:Illuminate\\Pipeline\\Pipeline::carry():194}:195}()
#62 /root/unihup/vendor/laravel/framework/src/Illuminate/Pipeline/Pipeline.php(219): Illuminate\\Http\\Middleware\\HandleCors->handle()
#63 /root/unihup/vendor/laravel/framework/src/Illuminate/Http/Middleware/TrustProxies.php(58): Illuminate\\Pipeline\\Pipeline->{closure:{closure:Illuminate\\Pipeline\\Pipeline::carry():194}:195}()
#64 /root/unihup/vendor/laravel/framework/src/Illuminate/Pipeline/Pipeline.php(219): Illuminate\\Http\\Middleware\\TrustProxies->handle()
#65 /root/unihup/vendor/laravel/framework/src/Illuminate/Foundation/Http/Middleware/InvokeDeferredCallbacks.php(22): Illuminate\\Pipeline\\Pipeline->{closure:{closure:Illuminate\\Pipeline\\Pipeline::carry():194}:195}()
#66 /root/unihup/vendor/laravel/framework/src/Illuminate/Pipeline/Pipeline.php(219): Illuminate\\Foundation\\Http\\Middleware\\InvokeDeferredCallbacks->handle()
#67 /root/unihup/vendor/laravel/framework/src/Illuminate/Http/Middleware/ValidatePathEncoding.php(28): Illuminate\\Pipeline\\Pipeline->{closure:{closure:Illuminate\\Pipeline\\Pipeline::carry():194}:195}()
#68 /root/unihup/vendor/laravel/framework/src/Illuminate/Pipeline/Pipeline.php(219): Illuminate\\Http\\Middleware\\ValidatePathEncoding->handle()
#69 /root/unihup/vendor/laravel/framework/src/Illuminate/Pipeline/Pipeline.php(137): Illuminate\\Pipeline\\Pipeline->{closure:{closure:Illuminate\\Pipeline\\Pipeline::carry():194}:195}()
#70 /root/unihup/vendor/laravel/framework/src/Illuminate/Foundation/Http/Kernel.php(175): Illuminate\\Pipeline\\Pipeline->then()
#71 /root/unihup/vendor/laravel/framework/src/Illuminate/Foundation/Http/Kernel.php(144): Illuminate\\Foundation\\Http\\Kernel->sendRequestThroughRouter()
#72 /root/unihup/vendor/laravel/framework/src/Illuminate/Foundation/Testing/Concerns/MakesHttpRequests.php(638): Illuminate\\Foundation\\Http\\Kernel->handle()
#73 /root/unihup/vendor/laravel/framework/src/Illuminate/Foundation/Testing/Concerns/MakesHttpRequests.php(368): Illuminate\\Foundation\\Testing\\TestCase->call()
#74 /root/unihup/tests/Feature/SystemSettingsPageTest.php(31): Illuminate\\Foundation\\Testing\\TestCase->get()
#75 /root/unihup/vendor/phpunit/phpunit/src/Framework/TestCase.php(1318): Tests\\Feature\\SystemSettingsPageTest->test_super_admin_can_view_and_save_system_settings()
#76 /root/unihup/vendor/phpunit/phpunit/src/Framework/TestCase.php(1355): PHPUnit\\Framework\\TestCase->invokeTestMethod()
#77 /root/unihup/vendor/phpunit/phpunit/src/Framework/TestCase.php(521): PHPUnit\\Framework\\TestCase->runTest()
#78 /root/unihup/vendor/phpunit/phpunit/src/Framework/TestRunner/TestRunner.php(99): PHPUnit\\Framework\\TestCase->runBare()
#79 /root/unihup/vendor/phpunit/phpunit/src/Framework/TestCase.php(361): PHPUnit\\Framework\\TestRunner->run()
#80 /root/unihup/vendor/phpunit/phpunit/src/Framework/TestSuite.php(374): PHPUnit\\Framework\\TestCase->run()
#81 /root/unihup/vendor/phpunit/phpunit/src/Framework/TestSuite.php(374): PHPUnit\\Framework\\TestSuite->run()
#82 /root/unihup/vendor/phpunit/phpunit/src/Framework/TestSuite.php(374): PHPUnit\\Framework\\TestSuite->run()
#83 /root/unihup/vendor/phpunit/phpunit/src/TextUI/TestRunner.php(64): PHPUnit\\Framework\\TestSuite->run()
#84 /root/unihup/vendor/phpunit/phpunit/src/TextUI/Application.php(229): PHPUnit\\TextUI\\TestRunner->run()
#85 /root/unihup/vendor/phpunit/phpunit/phpunit(104): PHPUnit\\TextUI\\Application->run()
#86 {main}

[previous exception] [object] (Illuminate\\View\\ViewException(code: 0): Route [filament.admin.pages.universities] not defined. (View: /root/unihup/vendor/filament/filament/resources/views/components/layout/index.blade.php) at /root/unihup/vendor/laravel/framework/src/Illuminate/Routing/UrlGenerator.php:542)
[stacktrace]
#0 /root/unihup/vendor/livewire/livewire/src/Mechanisms/ExtendBlade/ExtendedCompilerEngine.php(58): Illuminate\\View\\Engines\\CompilerEngine->handleViewException()
#1 /root/unihup/vendor/laravel/framework/src/Illuminate/View/Engines/PhpEngine.php(59): Livewire\\Mechanisms\\ExtendBlade\\ExtendedCompilerEngine->handleViewException()
#2 /root/unihup/vendor/livewire/livewire/src/Mechanisms/ExtendBlade/ExtendedCompilerEngine.php(22): Illuminate\\View\\Engines\\PhpEngine->evaluatePath()
#3 /root/unihup/vendor/laravel/framework/src/Illuminate/View/Engines/CompilerEngine.php(76): Livewire\\Mechanisms\\ExtendBlade\\ExtendedCompilerEngine->evaluatePath()
#4 /root/unihup/vendor/livewire/livewire/src/Mechanisms/ExtendBlade/ExtendedCompilerEngine.php(10): Illuminate\\View\\Engines\\CompilerEngine->get()
#5 /root/unihup/vendor/laravel/framework/src/Illuminate/View/View.php(208): Livewire\\Mechanisms\\ExtendBlade\\ExtendedCompilerEngine->get()
#6 /root/unihup/vendor/laravel/framework/src/Illuminate/View/View.php(191): Illuminate\\View\\View->getContents()
#7 /root/unihup/vendor/laravel/framework/src/Illuminate/View/View.php(160): Illuminate\\View\\View->renderContents()
#8 /root/unihup/vendor/laravel/framework/src/Illuminate/View/Concerns/ManagesComponents.php(103): Illuminate\\View\\View->render()
#9 /root/unihup/storage/framework/views/f9f60049d5b64dab66229951ba563b9b.php(17): Illuminate\\View\\Factory->renderComponent()
#10 /root/unihup/vendor/laravel/framework/src/Illuminate/Filesystem/Filesystem.php(123): require('...')
#11 /root/unihup/vendor/laravel/framework/src/Illuminate/Filesystem/Filesystem.php(124): Illuminate\\Filesystem\\Filesystem::{closure:Illuminate\\Filesystem\\Filesystem::getRequire():120}()
#12 /root/unihup/vendor/laravel/framework/src/Illuminate/View/Engines/PhpEngine.php(57): Illuminate\\Filesystem\\Filesystem->getRequire()
#13 /root/unihup/vendor/livewire/livewire/src/Mechanisms/ExtendBlade/ExtendedCompilerEngine.php(22): Illuminate\\View\\Engines\\PhpEngine->evaluatePath()
#14 /root/unihup/vendor/laravel/framework/src/Illuminate/View/Engines/CompilerEngine.php(76): Livewire\\Mechanisms\\ExtendBlade\\ExtendedCompilerEngine->evaluatePath()
#15 /root/unihup/vendor/livewire/livewire/src/Mechanisms/ExtendBlade/ExtendedCompilerEngine.php(10): Illuminate\\View\\Engines\\CompilerEngine->get()
#16 /root/unihup/vendor/laravel/framework/src/Illuminate/View/View.php(208): Livewire\\Mechanisms\\ExtendBlade\\ExtendedCompilerEngine->get()
#17 /root/unihup/vendor/laravel/framework/src/Illuminate/View/View.php(191): Illuminate\\View\\View->getContents()
#18 /root/unihup/vendor/laravel/framework/src/Illuminate/View/View.php(160): Illuminate\\View\\View->renderContents()
#19 /root/unihup/vendor/laravel/framework/src/Illuminate/View/Compilers/BladeCompiler.php(361): Illuminate\\View\\View->render()
#20 /root/unihup/vendor/laravel/framework/src/Illuminate/Support/Facades/Facade.php(364): Illuminate\\View\\Compilers\\BladeCompiler::render()
#21 /root/unihup/vendor/livewire/livewire/src/Features/SupportPageComponents/SupportPageComponents.php(153): Illuminate\\Support\\Facades\\Facade::__callStatic()
#22 /root/unihup/vendor/livewire/livewire/src/Features/SupportPageComponents/HandlesPageComponents.php(24): Livewire\\Features\\SupportPageComponents\\SupportPageComponents::renderContentsIntoLayout()
#23 /root/unihup/vendor/laravel/framework/src/Illuminate/Routing/ControllerDispatcher.php(46): Livewire\\Component->__invoke()
#24 /root/unihup/vendor/laravel/framework/src/Illuminate/Routing/Route.php(276): Illuminate\\Routing\\ControllerDispatcher->dispatch()
#25 /root/unihup/vendor/laravel/framework/src/Illuminate/Routing/Route.php(216): Illuminate\\Routing\\Route->runController()
#26 /root/unihup/vendor/laravel/framework/src/Illuminate/Routing/Router.php(822): Illuminate\\Routing\\Route->run()
#27 /root/unihup/vendor/laravel/framework/src/Illuminate/Pipeline/Pipeline.php(180): Illuminate\\Routing\\Router->{closure:Illuminate\\Routing\\Router::runRouteWithinStack():821}()
#28 /root/unihup/vendor/laravel/framework/src/Illuminate/Auth/Middleware/EnsureEmailIsVerified.php(41): Illuminate\\Pipeline\\Pipeline->{closure:Illuminate\\Pipeline\\Pipeline::prepareDestination():178}()
#29 /root/unihup/vendor/laravel/framework/src/Illuminate/Pipeline/Pipeline.php(219): Illuminate\\Auth\\Middleware\\EnsureEmailIsVerified->handle()
#30 /root/unihup/vendor/filament/filament/src/Http/Middleware/DispatchServingFilamentEvent.php(15): Illuminate\\Pipeline\\Pipeline->{closure:{closure:Illuminate\\Pipeline\\Pipeline::carry():194}:195}()
#31 /root/unihup/vendor/laravel/framework/src/Illuminate/Pipeline/Pipeline.php(219): Filament\\Http\\Middleware\\DispatchServingFilamentEvent->handle()
#32 /root/unihup/vendor/filament/filament/src/Http/Middleware/DisableBladeIconComponents.php(14): Illuminate\\Pipeline\\Pipeline->{closure:{closure:Illuminate\\Pipeline\\Pipeline::carry():194}:195}()
#33 /root/unihup/vendor/laravel/framework/src/Illuminate/Pipeline/Pipeline.php(219): Filament\\Http\\Middleware\\DisableBladeIconComponents->handle()
#34 /root/unihup/vendor/laravel/framework/src/Illuminate/Routing/Middleware/SubstituteBindings.php(52): Illuminate\\Pipeline\\Pipeline->{closure:{closure:Illuminate\\Pipeline\\Pipeline::carry():194}:195}()
#35 /root/unihup/vendor/laravel/framework/src/Illuminate/Pipeline/Pipeline.php(219): Illuminate\\Routing\\Middleware\\SubstituteBindings->handle()
#36 /root/unihup/vendor/laravel/framework/src/Illuminate/Foundation/Http/Middleware/PreventRequestForgery.php(104): Illuminate\\Pipeline\\Pipeline->{closure:{closure:Illuminate\\Pipeline\\Pipeline::carry():194}:195}()
#37 /root/unihup/vendor/laravel/framework/src/Illuminate/Pipeline/Pipeline.php(219): Illuminate\\Foundation\\Http\\Middleware\\PreventRequestForgery->handle()
#38 /root/unihup/vendor/laravel/framework/src/Illuminate/Session/Middleware/AuthenticateSession.php(70): Illuminate\\Pipeline\\Pipeline->{closure:{closure:Illuminate\\Pipeline\\Pipeline::carry():194}:195}()
#39 /root/unihup/vendor/laravel/framework/src/Illuminate/Pipeline/Pipeline.php(219): Illuminate\\Session\\Middleware\\AuthenticateSession->handle()
#40 /root/unihup/vendor/laravel/framework/src/Illuminate/Auth/Middleware/Authenticate.php(63): Illuminate\\Pipeline\\Pipeline->{closure:{closure:Illuminate\\Pipeline\\Pipeline::carry():194}:195}()
#41 /root/unihup/vendor/laravel/framework/src/Illuminate/Pipeline/Pipeline.php(219): Illuminate\\Auth\\Middleware\\Authenticate->handle()
#42 /root/unihup/vendor/laravel/framework/src/Illuminate/View/Middleware/ShareErrorsFromSession.php(48): Illuminate\\Pipeline\\Pipeline->{closure:{closure:Illuminate\\Pipeline\\Pipeline::carry():194}:195}()
#43 /root/unihup/vendor/laravel/framework/src/Illuminate/Pipeline/Pipeline.php(219): Illuminate\\View\\Middleware\\ShareErrorsFromSession->handle()
#44 /root/unihup/vendor/laravel/framework/src/Illuminate/Session/Middleware/StartSession.php(120): Illuminate\\Pipeline\\Pipeline->{closure:{closure:Illuminate\\Pipeline\\Pipeline::carry():194}:195}()
#45 /root/unihup/vendor/laravel/framework/src/Illuminate/Session/Middleware/StartSession.php(63): Illuminate\\Session\\Middleware\\StartSession->handleStatefulRequest()
#46 /root/unihup/vendor/laravel/framework/src/Illuminate/Pipeline/Pipeline.php(219): Illuminate\\Session\\Middleware\\StartSession->handle()
#47 /root/unihup/vendor/laravel/framework/src/Illuminate/Cookie/Middleware/AddQueuedCookiesToResponse.php(36): Illuminate\\Pipeline\\Pipeline->{closure:{closure:Illuminate\\Pipeline\\Pipeline::carry():194}:195}()
#48 /root/unihup/vendor/laravel/framework/src/Illuminate/Pipeline/Pipeline.php(219): Illuminate\\Cookie\\Middleware\\AddQueuedCookiesToResponse->handle()
#49 /root/unihup/vendor/laravel/framework/src/Illuminate/Cookie/Middleware/EncryptCookies.php(74): Illuminate\\Pipeline\\Pipeline->{closure:{closure:Illuminate\\Pipeline\\Pipeline::carry():194}:195}()
#50 /root/unihup/vendor/laravel/framework/src/Illuminate/Pipeline/Pipeline.php(219): Illuminate\\Cookie\\Middleware\\EncryptCookies->handle()
#51 /root/unihup/vendor/filament/filament/src/Http/Middleware/SetUpPanel.php(19): Illuminate\\Pipeline\\Pipeline->{closure:{closure:Illuminate\\Pipeline\\Pipeline::carry():194}:195}()
#52 /root/unihup/vendor/laravel/framework/src/Illuminate/Pipeline/Pipeline.php(219): Filament\\Http\\Middleware\\SetUpPanel->handle()
#53 /root/unihup/vendor/laravel/framework/src/Illuminate/Pipeline/Pipeline.php(137): Illuminate\\Pipeline\\Pipeline->{closure:{closure:Illuminate\\Pipeline\\Pipeline::carry():194}:195}()
#54 /root/unihup/vendor/laravel/framework/src/Illuminate/Routing/Router.php(821): Illuminate\\Pipeline\\Pipeline->then()
#55 /root/unihup/vendor/laravel/framework/src/Illuminate/Routing/Router.php(800): Illuminate\\Routing\\Router->runRouteWithinStack()
#56 /root/unihup/vendor/laravel/framework/src/Illuminate/Routing/Router.php(764): Illuminate\\Routing\\Router->runRoute()
#57 /root/unihup/vendor/laravel/framework/src/Illuminate/Routing/Router.php(753): Illuminate\\Routing\\Router->dispatchToRoute()
#58 /root/unihup/vendor/laravel/framework/src/Illuminate/Foundation/Http/Kernel.php(200): Illuminate\\Routing\\Router->dispatch()
#59 /root/unihup/vendor/laravel/framework/src/Illuminate/Pipeline/Pipeline.php(180): Illuminate\\Foundation\\Http\\Kernel->{closure:Illuminate\\Foundation\\Http\\Kernel::dispatchToRouter():197}()
#60 /root/unihup/vendor/livewire/livewire/src/Features/SupportDisablingBackButtonCache/DisableBackButtonCacheMiddleware.php(19): Illuminate\\Pipeline\\Pipeline->{closure:Illuminate\\Pipeline\\Pipeline::prepareDestination():178}()
#61 /root/unihup/vendor/laravel/framework/src/Illuminate/Pipeline/Pipeline.php(219): Livewire\\Features\\SupportDisablingBackButtonCache\\DisableBackButtonCacheMiddleware->handle()
#62 /root/unihup/vendor/laravel/framework/src/Illuminate/Foundation/Http/Middleware/TransformsRequest.php(21): Illuminate\\Pipeline\\Pipeline->{closure:{closure:Illuminate\\Pipeline\\Pipeline::carry():194}:195}()
#63 /root/unihup/vendor/laravel/framework/src/Illuminate/Foundation/Http/Middleware/ConvertEmptyStringsToNull.php(31): Illuminate\\Foundation\\Http\\Middleware\\TransformsRequest->handle()
#64 /root/unihup/vendor/laravel/framework/src/Illuminate/Pipeline/Pipeline.php(219): Illuminate\\Foundation\\Http\\Middleware\\ConvertEmptyStringsToNull->handle()
#65 /root/unihup/vendor/laravel/framework/src/Illuminate/Foundation/Http/Middleware/TransformsRequest.php(21): Illuminate\\Pipeline\\Pipeline->{closure:{closure:Illuminate\\Pipeline\\Pipeline::carry():194}:195}()
#66 /root/unihup/vendor/laravel/framework/src/Illuminate/Foundation/Http/Middleware/TrimStrings.php(51): Illuminate\\Foundation\\Http\\Middleware\\TransformsRequest->handle()
#67 /root/unihup/vendor/laravel/framework/src/Illuminate/Pipeline/Pipeline.php(219): Illuminate\\Foundation\\Http\\Middleware\\TrimStrings->handle()
#68 /root/unihup/vendor/laravel/framework/src/Illuminate/Http/Middleware/ValidatePostSize.php(27): Illuminate\\Pipeline\\Pipeline->{closure:{closure:Illuminate\\Pipeline\\Pipeline::carry():194}:195}()
#69 /root/unihup/vendor/laravel/framework/src/Illuminate/Pipeline/Pipeline.php(219): Illuminate\\Http\\Middleware\\ValidatePostSize->handle()
#70 /root/unihup/vendor/laravel/framework/src/Illuminate/Foundation/Http/Middleware/PreventRequestsDuringMaintenance.php(110): Illuminate\\Pipeline\\Pipeline->{closure:{closure:Illuminate\\Pipeline\\Pipeline::carry():194}:195}()
#71 /root/unihup/vendor/laravel/framework/src/Illuminate/Pipeline/Pipeline.php(219): Illuminate\\Foundation\\Http\\Middleware\\PreventRequestsDuringMaintenance->handle()
#72 /root/unihup/vendor/laravel/framework/src/Illuminate/Http/Middleware/HandleCors.php(61): Illuminate\\Pipeline\\Pipeline->{closure:{closure:Illuminate\\Pipeline\\Pipeline::carry():194}:195}()
#73 /root/unihup/vendor/laravel/framework/src/Illuminate/Pipeline/Pipeline.php(219): Illuminate\\Http\\Middleware\\HandleCors->handle()
#74 /root/unihup/vendor/laravel/framework/src/Illuminate/Http/Middleware/TrustProxies.php(58): Illuminate\\Pipeline\\Pipeline->{closure:{closure:Illuminate\\Pipeline\\Pipeline::carry():194}:195}()
#75 /root/unihup/vendor/laravel/framework/src/Illuminate/Pipeline/Pipeline.php(219): Illuminate\\Http\\Middleware\\TrustProxies->handle()
#76 /root/unihup/vendor/laravel/framework/src/Illuminate/Foundation/Http/Middleware/InvokeDeferredCallbacks.php(22): Illuminate\\Pipeline\\Pipeline->{closure:{closure:Illuminate\\Pipeline\\Pipeline::carry():194}:195}()
#77 /root/unihup/vendor/laravel/framework/src/Illuminate/Pipeline/Pipeline.php(219): Illuminate\\Foundation\\Http\\Middleware\\InvokeDeferredCallbacks->handle()
#78 /root/unihup/vendor/laravel/framework/src/Illuminate/Http/Middleware/ValidatePathEncoding.php(28): Illuminate\\Pipeline\\Pipeline->{closure:{closure:Illuminate\\Pipeline\\Pipeline::carry():194}:195}()
#79 /root/unihup/vendor/laravel/framework/src/Illuminate/Pipeline/Pipeline.php(219): Illuminate\\Http\\Middleware\\ValidatePathEncoding->handle()
#80 /root/unihup/vendor/laravel/framework/src/Illuminate/Pipeline/Pipeline.php(137): Illuminate\\Pipeline\\Pipeline->{closure:{closure:Illuminate\\Pipeline\\Pipeline::carry():194}:195}()
#81 /root/unihup/vendor/laravel/framework/src/Illuminate/Foundation/Http/Kernel.php(175): Illuminate\\Pipeline\\Pipeline->then()
#82 /root/unihup/vendor/laravel/framework/src/Illuminate/Foundation/Http/Kernel.php(144): Illuminate\\Foundation\\Http\\Kernel->sendRequestThroughRouter()
#83 /root/unihup/vendor/laravel/framework/src/Illuminate/Foundation/Testing/Concerns/MakesHttpRequests.php(638): Illuminate\\Foundation\\Http\\Kernel->handle()
#84 /root/unihup/vendor/laravel/framework/src/Illuminate/Foundation/Testing/Concerns/MakesHttpRequests.php(368): Illuminate\\Foundation\\Testing\\TestCase->call()
#85 /root/unihup/tests/Feature/SystemSettingsPageTest.php(31): Illuminate\\Foundation\\Testing\\TestCase->get()
#86 /root/unihup/vendor/phpunit/phpunit/src/Framework/TestCase.php(1318): Tests\\Feature\\SystemSettingsPageTest->test_super_admin_can_view_and_save_system_settings()
#87 /root/unihup/vendor/phpunit/phpunit/src/Framework/TestCase.php(1355): PHPUnit\\Framework\\TestCase->invokeTestMethod()
#88 /root/unihup/vendor/phpunit/phpunit/src/Framework/TestCase.php(521): PHPUnit\\Framework\\TestCase->runTest()
#89 /root/unihup/vendor/phpunit/phpunit/src/Framework/TestRunner/TestRunner.php(99): PHPUnit\\Framework\\TestCase->runBare()
#90 /root/unihup/vendor/phpunit/phpunit/src/Framework/TestCase.php(361): PHPUnit\\Framework\\TestRunner->run()
#91 /root/unihup/vendor/phpunit/phpunit/src/Framework/TestSuite.php(374): PHPUnit\\Framework\\TestCase->run()
#92 /root/unihup/vendor/phpunit/phpunit/src/Framework/TestSuite.php(374): PHPUnit\\Framework\\TestSuite->run()
#93 /root/unihup/vendor/phpunit/phpunit/src/Framework/TestSuite.php(374): PHPUnit\\Framework\\TestSuite->run()
#94 /root/unihup/vendor/phpunit/phpunit/src/TextUI/TestRunner.php(64): PHPUnit\\Framework\\TestSuite->run()
#95 /root/unihup/vendor/phpunit/phpunit/src/TextUI/Application.php(229): PHPUnit\\TextUI\\TestRunner->run()
#96 /root/unihup/vendor/phpunit/phpunit/phpunit(104): PHPUnit\\TextUI\\Application->run()
#97 {main}

[previous exception] [object] (Symfony\\Component\\Routing\\Exception\\RouteNotFoundException(code: 0): Route [filament.admin.pages.universities] not defined. at /root/unihup/vendor/laravel/framework/src/Illuminate/Routing/UrlGenerator.php:542)
[stacktrace]
#0 /root/unihup/vendor/laravel/framework/src/Illuminate/Foundation/helpers.php(870): Illuminate\\Routing\\UrlGenerator->route()
#1 /root/unihup/vendor/filament/filament/src/Pages/Page.php(60): route()
#2 /root/unihup/vendor/filament/filament/src/Pages/Page.php(193): Filament\\Pages\\Page::getUrl()
#3 /root/unihup/vendor/filament/filament/src/Pages/Page.php(109): Filament\\Pages\\Page::getNavigationUrl()
#4 /root/unihup/vendor/filament/filament/src/Pages/Page.php(91): Filament\\Pages\\Page::getNavigationItems()
#5 /root/unihup/vendor/filament/filament/src/Navigation/NavigationManager.php(137): Filament\\Pages\\Page::registerNavigationItems()
#6 /root/unihup/vendor/filament/filament/src/Navigation/NavigationManager.php(50): Filament\\Navigation\\NavigationManager->mountNavigation()
#7 /root/unihup/vendor/filament/filament/src/Panel/Concerns/HasNavigation.php(101): Filament\\Navigation\\NavigationManager->get()
#8 /root/unihup/vendor/filament/filament/src/FilamentManager.php(252): Filament\\Panel->getNavigation()
#9 /root/unihup/storage/framework/views/63b21d28959019a752a53ff8b11e14a3.php(4): Filament\\FilamentManager->getNavigation()
#10 /root/unihup/vendor/laravel/framework/src/Illuminate/Filesystem/Filesystem.php(123): require('...')
#11 /root/unihup/vendor/laravel/framework/src/Illuminate/Filesystem/Filesystem.php(124): Illuminate\\Filesystem\\Filesystem::{closure:Illuminate\\Filesystem\\Filesystem::getRequire():120}()
#12 /root/unihup/vendor/laravel/framework/src/Illuminate/View/Engines/PhpEngine.php(57): Illuminate\\Filesystem\\Filesystem->getRequire()
#13 /root/unihup/vendor/livewire/livewire/src/Mechanisms/ExtendBlade/ExtendedCompilerEngine.php(22): Illuminate\\View\\Engines\\PhpEngine->evaluatePath()
#14 /root/unihup/vendor/laravel/framework/src/Illuminate/View/Engines/CompilerEngine.php(76): Livewire\\Mechanisms\\ExtendBlade\\ExtendedCompilerEngine->evaluatePath()
#15 /root/unihup/vendor/livewire/livewire/src/Mechanisms/ExtendBlade/ExtendedCompilerEngine.php(10): Illuminate\\View\\Engines\\CompilerEngine->get()
#16 /root/unihup/vendor/laravel/framework/src/Illuminate/View/View.php(208): Livewire\\Mechanisms\\ExtendBlade\\ExtendedCompilerEngine->get()
#17 /root/unihup/vendor/laravel/framework/src/Illuminate/View/View.php(191): Illuminate\\View\\View->getContents()
#18 /root/unihup/vendor/laravel/framework/src/Illuminate/View/View.php(160): Illuminate\\View\\View->renderContents()
#19 /root/unihup/vendor/laravel/framework/src/Illuminate/View/Concerns/ManagesComponents.php(103): Illuminate\\View\\View->render()
#20 /root/unihup/storage/framework/views/f9f60049d5b64dab66229951ba563b9b.php(17): Illuminate\\View\\Factory->renderComponent()
#21 /root/unihup/vendor/laravel/framework/src/Illuminate/Filesystem/Filesystem.php(123): require('...')
#22 /root/unihup/vendor/laravel/framework/src/Illuminate/Filesystem/Filesystem.php(124): Illuminate\\Filesystem\\Filesystem::{closure:Illuminate\\Filesystem\\Filesystem::getRequire():120}()
#23 /root/unihup/vendor/laravel/framework/src/Illuminate/View/Engines/PhpEngine.php(57): Illuminate\\Filesystem\\Filesystem->getRequire()
#24 /root/unihup/vendor/livewire/livewire/src/Mechanisms/ExtendBlade/ExtendedCompilerEngine.php(22): Illuminate\\View\\Engines\\PhpEngine->evaluatePath()
#25 /root/unihup/vendor/laravel/framework/src/Illuminate/View/Engines/CompilerEngine.php(76): Livewire\\Mechanisms\\ExtendBlade\\ExtendedCompilerEngine->evaluatePath()
#26 /root/unihup/vendor/livewire/livewire/src/Mechanisms/ExtendBlade/ExtendedCompilerEngine.php(10): Illuminate\\View\\Engines\\CompilerEngine->get()
#27 /root/unihup/vendor/laravel/framework/src/Illuminate/View/View.php(208): Livewire\\Mechanisms\\ExtendBlade\\ExtendedCompilerEngine->get()
#28 /root/unihup/vendor/laravel/framework/src/Illuminate/View/View.php(191): Illuminate\\View\\View->getContents()
#29 /root/unihup/vendor/laravel/framework/src/Illuminate/View/View.php(160): Illuminate\\View\\View->renderContents()
#30 /root/unihup/vendor/laravel/framework/src/Illuminate/View/Compilers/BladeCompiler.php(361): Illuminate\\View\\View->render()
#31 /root/unihup/vendor/laravel/framework/src/Illuminate/Support/Facades/Facade.php(364): Illuminate\\View\\Compilers\\BladeCompiler::render()
#32 /root/unihup/vendor/livewire/livewire/src/Features/SupportPageComponents/SupportPageComponents.php(153): Illuminate\\Support\\Facades\\Facade::__callStatic()
#33 /root/unihup/vendor/livewire/livewire/src/Features/SupportPageComponents/HandlesPageComponents.php(24): Livewire\\Features\\SupportPageComponents\\SupportPageComponents::renderContentsIntoLayout()
#34 /root/unihup/vendor/laravel/framework/src/Illuminate/Routing/ControllerDispatcher.php(46): Livewire\\Component->__invoke()
#35 /root/unihup/vendor/laravel/framework/src/Illuminate/Routing/Route.php(276): Illuminate\\Routing\\ControllerDispatcher->dispatch()
#36 /root/unihup/vendor/laravel/framework/src/Illuminate/Routing/Route.php(216): Illuminate\\Routing\\Route->runController()
#37 /root/unihup/vendor/laravel/framework/src/Illuminate/Routing/Router.php(822): Illuminate\\Routing\\Route->run()
#38 /root/unihup/vendor/laravel/framework/src/Illuminate/Pipeline/Pipeline.php(180): Illuminate\\Routing\\Router->{closure:Illuminate\\Routing\\Router::runRouteWithinStack():821}()
#39 /root/unihup/vendor/laravel/framework/src/Illuminate/Auth/Middleware/EnsureEmailIsVerified.php(41): Illuminate\\Pipeline\\Pipeline->{closure:Illuminate\\Pipeline\\Pipeline::prepareDestination():178}()
#40 /root/unihup/vendor/laravel/framework/src/Illuminate/Pipeline/Pipeline.php(219): Illuminate\\Auth\\Middleware\\EnsureEmailIsVerified->handle()
#41 /root/unihup/vendor/filament/filament/src/Http/Middleware/DispatchServingFilamentEvent.php(15): Illuminate\\Pipeline\\Pipeline->{closure:{closure:Illuminate\\Pipeline\\Pipeline::carry():194}:195}()
#42 /root/unihup/vendor/laravel/framework/src/Illuminate/Pipeline/Pipeline.php(219): Filament\\Http\\Middleware\\DispatchServingFilamentEvent->handle()
#43 /root/unihup/vendor/filament/filament/src/Http/Middleware/DisableBladeIconComponents.php(14): Illuminate\\Pipeline\\Pipeline->{closure:{closure:Illuminate\\Pipeline\\Pipeline::carry():194}:195}()
#44 /root/unihup/vendor/laravel/framework/src/Illuminate/Pipeline/Pipeline.php(219): Filament\\Http\\Middleware\\DisableBladeIconComponents->handle()
#45 /root/unihup/vendor/laravel/framework/src/Illuminate/Routing/Middleware/SubstituteBindings.php(52): Illuminate\\Pipeline\\Pipeline->{closure:{closure:Illuminate\\Pipeline\\Pipeline::carry():194}:195}()
#46 /root/unihup/vendor/laravel/framework/src/Illuminate/Pipeline/Pipeline.php(219): Illuminate\\Routing\\Middleware\\SubstituteBindings->handle()
#47 /root/unihup/vendor/laravel/framework/src/Illuminate/Foundation/Http/Middleware/PreventRequestForgery.php(104): Illuminate\\Pipeline\\Pipeline->{closure:{closure:Illuminate\\Pipeline\\Pipeline::carry():194}:195}()
#48 /root/unihup/vendor/laravel/framework/src/Illuminate/Pipeline/Pipeline.php(219): Illuminate\\Foundation\\Http\\Middleware\\PreventRequestForgery->handle()
#49 /root/unihup/vendor/laravel/framework/src/Illuminate/Session/Middleware/AuthenticateSession.php(70): Illuminate\\Pipeline\\Pipeline->{closure:{closure:Illuminate\\Pipeline\\Pipeline::carry():194}:195}()
#50 /root/unihup/vendor/laravel/framework/src/Illuminate/Pipeline/Pipeline.php(219): Illuminate\\Session\\Middleware\\AuthenticateSession->handle()
#51 /root/unihup/vendor/laravel/framework/src/Illuminate/Auth/Middleware/Authenticate.php(63): Illuminate\\Pipeline\\Pipeline->{closure:{closure:Illuminate\\Pipeline\\Pipeline::carry():194}:195}()
#52 /root/unihup/vendor/laravel/framework/src/Illuminate/Pipeline/Pipeline.php(219): Illuminate\\Auth\\Middleware\\Authenticate->handle()
#53 /root/unihup/vendor/laravel/framework/src/Illuminate/View/Middleware/ShareErrorsFromSession.php(48): Illuminate\\Pipeline\\Pipeline->{closure:{closure:Illuminate\\Pipeline\\Pipeline::carry():194}:195}()
#54 /root/unihup/vendor/laravel/framework/src/Illuminate/Pipeline/Pipeline.php(219): Illuminate\\View\\Middleware\\ShareErrorsFromSession->handle()
#55 /root/unihup/vendor/laravel/framework/src/Illuminate/Session/Middleware/StartSession.php(120): Illuminate\\Pipeline\\Pipeline->{closure:{closure:Illuminate\\Pipeline\\Pipeline::carry():194}:195}()
#56 /root/unihup/vendor/laravel/framework/src/Illuminate/Session/Middleware/StartSession.php(63): Illuminate\\Session\\Middleware\\StartSession->handleStatefulRequest()
#57 /root/unihup/vendor/laravel/framework/src/Illuminate/Pipeline/Pipeline.php(219): Illuminate\\Session\\Middleware\\StartSession->handle()
#58 /root/unihup/vendor/laravel/framework/src/Illuminate/Cookie/Middleware/AddQueuedCookiesToResponse.php(36): Illuminate\\Pipeline\\Pipeline->{closure:{closure:Illuminate\\Pipeline\\Pipeline::carry():194}:195}()
#59 /root/unihup/vendor/laravel/framework/src/Illuminate/Pipeline/Pipeline.php(219): Illuminate\\Cookie\\Middleware\\AddQueuedCookiesToResponse->handle()
#60 /root/unihup/vendor/laravel/framework/src/Illuminate/Cookie/Middleware/EncryptCookies.php(74): Illuminate\\Pipeline\\Pipeline->{closure:{closure:Illuminate\\Pipeline\\Pipeline::carry():194}:195}()
#61 /root/unihup/vendor/laravel/framework/src/Illuminate/Pipeline/Pipeline.php(219): Illuminate\\Cookie\\Middleware\\EncryptCookies->handle()
#62 /root/unihup/vendor/filament/filament/src/Http/Middleware/SetUpPanel.php(19): Illuminate\\Pipeline\\Pipeline->{closure:{closure:Illuminate\\Pipeline\\Pipeline::carry():194}:195}()
#63 /root/unihup/vendor/laravel/framework/src/Illuminate/Pipeline/Pipeline.php(219): Filament\\Http\\Middleware\\SetUpPanel->handle()
#64 /root/unihup/vendor/laravel/framework/src/Illuminate/Pipeline/Pipeline.php(137): Illuminate\\Pipeline\\Pipeline->{closure:{closure:Illuminate\\Pipeline\\Pipeline::carry():194}:195}()
#65 /root/unihup/vendor/laravel/framework/src/Illuminate/Routing/Router.php(821): Illuminate\\Pipeline\\Pipeline->then()
#66 /root/unihup/vendor/laravel/framework/src/Illuminate/Routing/Router.php(800): Illuminate\\Routing\\Router->runRouteWithinStack()
#67 /root/unihup/vendor/laravel/framework/src/Illuminate/Routing/Router.php(764): Illuminate\\Routing\\Router->runRoute()
#68 /root/unihup/vendor/laravel/framework/src/Illuminate/Routing/Router.php(753): Illuminate\\Routing\\Router->dispatchToRoute()
#69 /root/unihup/vendor/laravel/framework/src/Illuminate/Foundation/Http/Kernel.php(200): Illuminate\\Routing\\Router->dispatch()
#70 /root/unihup/vendor/laravel/framework/src/Illuminate/Pipeline/Pipeline.php(180): Illuminate\\Foundation\\Http\\Kernel->{closure:Illuminate\\Foundation\\Http\\Kernel::dispatchToRouter():197}()
#71 /root/unihup/vendor/livewire/livewire/src/Features/SupportDisablingBackButtonCache/DisableBackButtonCacheMiddleware.php(19): Illuminate\\Pipeline\\Pipeline->{closure:Illuminate\\Pipeline\\Pipeline::prepareDestination():178}()
#72 /root/unihup/vendor/laravel/framework/src/Illuminate/Pipeline/Pipeline.php(219): Livewire\\Features\\SupportDisablingBackButtonCache\\DisableBackButtonCacheMiddleware->handle()
#73 /root/unihup/vendor/laravel/framework/src/Illuminate/Foundation/Http/Middleware/TransformsRequest.php(21): Illuminate\\Pipeline\\Pipeline->{closure:{closure:Illuminate\\Pipeline\\Pipeline::carry():194}:195}()
#74 /root/unihup/vendor/laravel/framework/src/Illuminate/Foundation/Http/Middleware/ConvertEmptyStringsToNull.php(31): Illuminate\\Foundation\\Http\\Middleware\\TransformsRequest->handle()
#75 /root/unihup/vendor/laravel/framework/src/Illuminate/Pipeline/Pipeline.php(219): Illuminate\\Foundation\\Http\\Middleware\\ConvertEmptyStringsToNull->handle()
#76 /root/unihup/vendor/laravel/framework/src/Illuminate/Foundation/Http/Middleware/TransformsRequest.php(21): Illuminate\\Pipeline\\Pipeline->{closure:{closure:Illuminate\\Pipeline\\Pipeline::carry():194}:195}()
#77 /root/unihup/vendor/laravel/framework/src/Illuminate/Foundation/Http/Middleware/TrimStrings.php(51): Illuminate\\Foundation\\Http\\Middleware\\TransformsRequest->handle()
#78 /root/unihup/vendor/laravel/framework/src/Illuminate/Pipeline/Pipeline.php(219): Illuminate\\Foundation\\Http\\Middleware\\TrimStrings->handle()
#79 /root/unihup/vendor/laravel/framework/src/Illuminate/Http/Middleware/ValidatePostSize.php(27): Illuminate\\Pipeline\\Pipeline->{closure:{closure:Illuminate\\Pipeline\\Pipeline::carry():194}:195}()
#80 /root/unihup/vendor/laravel/framework/src/Illuminate/Pipeline/Pipeline.php(219): Illuminate\\Http\\Middleware\\ValidatePostSize->handle()
#81 /root/unihup/vendor/laravel/framework/src/Illuminate/Foundation/Http/Middleware/PreventRequestsDuringMaintenance.php(110): Illuminate\\Pipeline\\Pipeline->{closure:{closure:Illuminate\\Pipeline\\Pipeline::carry():194}:195}()
#82 /root/unihup/vendor/laravel/framework/src/Illuminate/Pipeline/Pipeline.php(219): Illuminate\\Foundation\\Http\\Middleware\\PreventRequestsDuringMaintenance->handle()
#83 /root/unihup/vendor/laravel/framework/src/Illuminate/Http/Middleware/HandleCors.php(61): Illuminate\\Pipeline\\Pipeline->{closure:{closure:Illuminate\\Pipeline\\Pipeline::carry():194}:195}()
#84 /root/unihup/vendor/laravel/framework/src/Illuminate/Pipeline/Pipeline.php(219): Illuminate\\Http\\Middleware\\HandleCors->handle()
#85 /root/unihup/vendor/laravel/framework/src/Illuminate/Http/Middleware/TrustProxies.php(58): Illuminate\\Pipeline\\Pipeline->{closure:{closure:Illuminate\\Pipeline\\Pipeline::carry():194}:195}()
#86 /root/unihup/vendor/laravel/framework/src/Illuminate/Pipeline/Pipeline.php(219): Illuminate\\Http\\Middleware\\TrustProxies->handle()
#87 /root/unihup/vendor/laravel/framework/src/Illuminate/Foundation/Http/Middleware/InvokeDeferredCallbacks.php(22): Illuminate\\Pipeline\\Pipeline->{closure:{closure:Illuminate\\Pipeline\\Pipeline::carry():194}:195}()
#88 /root/unihup/vendor/laravel/framework/src/Illuminate/Pipeline/Pipeline.php(219): Illuminate\\Foundation\\Http\\Middleware\\InvokeDeferredCallbacks->handle()
#89 /root/unihup/vendor/laravel/framework/src/Illuminate/Http/Middleware/ValidatePathEncoding.php(28): Illuminate\\Pipeline\\Pipeline->{closure:{closure:Illuminate\\Pipeline\\Pipeline::carry():194}:195}()
#90 /root/unihup/vendor/laravel/framework/src/Illuminate/Pipeline/Pipeline.php(219): Illuminate\\Http\\Middleware\\ValidatePathEncoding->handle()
#91 /root/unihup/vendor/laravel/framework/src/Illuminate/Pipeline/Pipeline.php(137): Illuminate\\Pipeline\\Pipeline->{closure:{closure:Illuminate\\Pipeline\\Pipeline::carry():194}:195}()
#92 /root/unihup/vendor/laravel/framework/src/Illuminate/Foundation/Http/Kernel.php(175): Illuminate\\Pipeline\\Pipeline->then()
#93 /root/unihup/vendor/laravel/framework/src/Illuminate/Foundation/Http/Kernel.php(144): Illuminate\\Foundation\\Http\\Kernel->sendRequestThroughRouter()
#94 /root/unihup/vendor/laravel/framework/src/Illuminate/Foundation/Testing/Concerns/MakesHttpRequests.php(638): Illuminate\\Foundation\\Http\\Kernel->handle()
#95 /root/unihup/vendor/laravel/framework/src/Illuminate/Foundation/Testing/Concerns/MakesHttpRequests.php(368): Illuminate\\Foundation\\Testing\\TestCase->call()
#96 /root/unihup/tests/Feature/SystemSettingsPageTest.php(31): Illuminate\\Foundation\\Testing\\TestCase->get()
#97 /root/unihup/vendor/phpunit/phpunit/src/Framework/TestCase.php(1318): Tests\\Feature\\SystemSettingsPageTest->test_super_admin_can_view_and_save_system_settings()
#98 /root/unihup/vendor/phpunit/phpunit/src/Framework/TestCase.php(1355): PHPUnit\\Framework\\TestCase->invokeTestMethod()
#99 /root/unihup/vendor/phpunit/phpunit/src/Framework/TestCase.php(521): PHPUnit\\Framework\\TestCase->runTest()
#100 /root/unihup/vendor/phpunit/phpunit/src/Framework/TestRunner/TestRunner.php(99): PHPUnit\\Framework\\TestCase->runBare()
#101 /root/unihup/vendor/phpunit/phpunit/src/Framework/TestCase.php(361): PHPUnit\\Framework\\TestRunner->run()
#102 /root/unihup/vendor/phpunit/phpunit/src/Framework/TestSuite.php(374): PHPUnit\\Framework\\TestCase->run()
#103 /root/unihup/vendor/phpunit/phpunit/src/Framework/TestSuite.php(374): PHPUnit\\Framework\\TestSuite->run()
#104 /root/unihup/vendor/phpunit/phpunit/src/Framework/TestSuite.php(374): PHPUnit\\Framework\\TestSuite->run()
#105 /root/unihup/vendor/phpunit/phpunit/src/TextUI/TestRunner.php(64): PHPUnit\\Framework\\TestSuite->run()
#106 /root/unihup/vendor/phpunit/phpunit/src/TextUI/Application.php(229): PHPUnit\\TextUI\\TestRunner->run()
#107 /root/unihup/vendor/phpunit/phpunit/phpunit(104): PHPUnit\\TextUI\\Application->run()
#108 {main}
"} 
[2026-08-25 21:01:59] testing.ERROR: Route [filament.admin.pages.universities] not defined. (View: /root/unihup/vendor/filament/filament/resources/views/components/layout/index.blade.php) (View: /root/unihup/vendor/filament/filament/resources/views/components/layout/index.blade.php) {"userId":2,"exception":"[object] (Illuminate\\View\\ViewException(code: 0): Route [filament.admin.pages.universities] not defined. (View: /root/unihup/vendor/filament/filament/resources/views/components/layout/index.blade.php) (View: /root/unihup/vendor/filament/filament/resources/views/components/layout/index.blade.php) at /root/unihup/vendor/laravel/framework/src/Illuminate/Routing/UrlGenerator.php:542)
[stacktrace]
#0 /root/unihup/vendor/livewire/livewire/src/Mechanisms/ExtendBlade/ExtendedCompilerEngine.php(58): Illuminate\\View\\Engines\\CompilerEngine->handleViewException()
#1 /root/unihup/vendor/laravel/framework/src/Illuminate/View/Engines/PhpEngine.php(59): Livewire\\Mechanisms\\ExtendBlade\\ExtendedCompilerEngine->handleViewException()
#2 /root/unihup/vendor/livewire/livewire/src/Mechanisms/ExtendBlade/ExtendedCompilerEngine.php(22): Illuminate\\View\\Engines\\PhpEngine->evaluatePath()
#3 /root/unihup/vendor/laravel/framework/src/Illuminate/View/Engines/CompilerEngine.php(76): Livewire\\Mechanisms\\ExtendBlade\\ExtendedCompilerEngine->evaluatePath()
#4 /root/unihup/vendor/livewire/livewire/src/Mechanisms/ExtendBlade/ExtendedCompilerEngine.php(10): Illuminate\\View\\Engines\\CompilerEngine->get()
#5 /root/unihup/vendor/laravel/framework/src/Illuminate/View/View.php(208): Livewire\\Mechanisms\\ExtendBlade\\ExtendedCompilerEngine->get()
#6 /root/unihup/vendor/laravel/framework/src/Illuminate/View/View.php(191): Illuminate\\View\\View->getContents()
#7 /root/unihup/vendor/laravel/framework/src/Illuminate/View/View.php(160): Illuminate\\View\\View->renderContents()
#8 /root/unihup/vendor/laravel/framework/src/Illuminate/View/Compilers/BladeCompiler.php(361): Illuminate\\View\\View->render()
#9 /root/unihup/vendor/laravel/framework/src/Illuminate/Support/Facades/Facade.php(364): Illuminate\\View\\Compilers\\BladeCompiler::render()
#10 /root/unihup/vendor/livewire/livewire/src/Features/SupportPageComponents/SupportPageComponents.php(153): Illuminate\\Support\\Facades\\Facade::__callStatic()
#11 /root/unihup/vendor/livewire/livewire/src/Features/SupportPageComponents/HandlesPageComponents.php(24): Livewire\\Features\\SupportPageComponents\\SupportPageComponents::renderContentsIntoLayout()
#12 /root/unihup/vendor/laravel/framework/src/Illuminate/Routing/ControllerDispatcher.php(46): Livewire\\Component->__invoke()
#13 /root/unihup/vendor/laravel/framework/src/Illuminate/Routing/Route.php(276): Illuminate\\Routing\\ControllerDispatcher->dispatch()
#14 /root/unihup/vendor/laravel/framework/src/Illuminate/Routing/Route.php(216): Illuminate\\Routing\\Route->runController()
#15 /root/unihup/vendor/laravel/framework/src/Illuminate/Routing/Router.php(822): Illuminate\\Routing\\Route->run()
#16 /root/unihup/vendor/laravel/framework/src/Illuminate/Pipeline/Pipeline.php(180): Illuminate\\Routing\\Router->{closure:Illuminate\\Routing\\Router::runRouteWithinStack():821}()
#17 /root/unihup/vendor/laravel/framework/src/Illuminate/Auth/Middleware/EnsureEmailIsVerified.php(41): Illuminate\\Pipeline\\Pipeline->{closure:Illuminate\\Pipeline\\Pipeline::prepareDestination():178}()
#18 /root/unihup/vendor/laravel/framework/src/Illuminate/Pipeline/Pipeline.php(219): Illuminate\\Auth\\Middleware\\EnsureEmailIsVerified->handle()
#19 /root/unihup/vendor/filament/filament/src/Http/Middleware/DispatchServingFilamentEvent.php(15): Illuminate\\Pipeline\\Pipeline->{closure:{closure:Illuminate\\Pipeline\\Pipeline::carry():194}:195}()
#20 /root/unihup/vendor/laravel/framework/src/Illuminate/Pipeline/Pipeline.php(219): Filament\\Http\\Middleware\\DispatchServingFilamentEvent->handle()
#21 /root/unihup/vendor/filament/filament/src/Http/Middleware/DisableBladeIconComponents.php(14): Illuminate\\Pipeline\\Pipeline->{closure:{closure:Illuminate\\Pipeline\\Pipeline::carry():194}:195}()
#22 /root/unihup/vendor/laravel/framework/src/Illuminate/Pipeline/Pipeline.php(219): Filament\\Http\\Middleware\\DisableBladeIconComponents->handle()
#23 /root/unihup/vendor/laravel/framework/src/Illuminate/Routing/Middleware/SubstituteBindings.php(52): Illuminate\\Pipeline\\Pipeline->{closure:{closure:Illuminate\\Pipeline\\Pipeline::carry():194}:195}()
#24 /root/unihup/vendor/laravel/framework/src/Illuminate/Pipeline/Pipeline.php(219): Illuminate\\Routing\\Middleware\\SubstituteBindings->handle()
#25 /root/unihup/vendor/laravel/framework/src/Illuminate/Foundation/Http/Middleware/PreventRequestForgery.php(104): Illuminate\\Pipeline\\Pipeline->{closure:{closure:Illuminate\\Pipeline\\Pipeline::carry():194}:195}()
#26 /root/unihup/vendor/laravel/framework/src/Illuminate/Pipeline/Pipeline.php(219): Illuminate\\Foundation\\Http\\Middleware\\PreventRequestForgery->handle()
#27 /root/unihup/vendor/laravel/framework/src/Illuminate/Session/Middleware/AuthenticateSession.php(70): Illuminate\\Pipeline\\Pipeline->{closure:{closure:Illuminate\\Pipeline\\Pipeline::carry():194}:195}()
#28 /root/unihup/vendor/laravel/framework/src/Illuminate/Pipeline/Pipeline.php(219): Illuminate\\Session\\Middleware\\AuthenticateSession->handle()
#29 /root/unihup/vendor/laravel/framework/src/Illuminate/Auth/Middleware/Authenticate.php(63): Illuminate\\Pipeline\\Pipeline->{closure:{closure:Illuminate\\Pipeline\\Pipeline::carry():194}:195}()
#30 /root/unihup/vendor/laravel/framework/src/Illuminate/Pipeline/Pipeline.php(219): Illuminate\\Auth\\Middleware\\Authenticate->handle()
#31 /root/unihup/vendor/laravel/framework/src/Illuminate/View/Middleware/ShareErrorsFromSession.php(48): Illuminate\\Pipeline\\Pipeline->{closure:{closure:Illuminate\\Pipeline\\Pipeline::carry():194}:195}()
#32 /root/unihup/vendor/laravel/framework/src/Illuminate/Pipeline/Pipeline.php(219): Illuminate\\View\\Middleware\\ShareErrorsFromSession->handle()
#33 /root/unihup/vendor/laravel/framework/src/Illuminate/Session/Middleware/StartSession.php(120): Illuminate\\Pipeline\\Pipeline->{closure:{closure:Illuminate\\Pipeline\\Pipeline::carry():194}:195}()
#34 /root/unihup/vendor/laravel/framework/src/Illuminate/Session/Middleware/StartSession.php(63): Illuminate\\Session\\Middleware\\StartSession->handleStatefulRequest()
#35 /root/unihup/vendor/laravel/framework/src/Illuminate/Pipeline/Pipeline.php(219): Illuminate\\Session\\Middleware\\StartSession->handle()
#36 /root/unihup/vendor/laravel/framework/src/Illuminate/Cookie/Middleware/AddQueuedCookiesToResponse.php(36): Illuminate\\Pipeline\\Pipeline->{closure:{closure:Illuminate\\Pipeline\\Pipeline::carry():194}:195}()
#37 /root/unihup/vendor/laravel/framework/src/Illuminate/Pipeline/Pipeline.php(219): Illuminate\\Cookie\\Middleware\\AddQueuedCookiesToResponse->handle()
#38 /root/unihup/vendor/laravel/framework/src/Illuminate/Cookie/Middleware/EncryptCookies.php(74): Illuminate\\Pipeline\\Pipeline->{closure:{closure:Illuminate\\Pipeline\\Pipeline::carry():194}:195}()
#39 /root/unihup/vendor/laravel/framework/src/Illuminate/Pipeline/Pipeline.php(219): Illuminate\\Cookie\\Middleware\\EncryptCookies->handle()
#40 /root/unihup/vendor/filament/filament/src/Http/Middleware/SetUpPanel.php(19): Illuminate\\Pipeline\\Pipeline->{closure:{closure:Illuminate\\Pipeline\\Pipeline::carry():194}:195}()
#41 /root/unihup/vendor/laravel/framework/src/Illuminate/Pipeline/Pipeline.php(219): Filament\\Http\\Middleware\\SetUpPanel->handle()
#42 /root/unihup/vendor/laravel/framework/src/Illuminate/Pipeline/Pipeline.php(137): Illuminate\\Pipeline\\Pipeline->{closure:{closure:Illuminate\\Pipeline\\Pipeline::carry():194}:195}()
#43 /root/unihup/vendor/laravel/framework/src/Illuminate/Routing/Router.php(821): Illuminate\\Pipeline\\Pipeline->then()
#44 /root/unihup/vendor/laravel/framework/src/Illuminate/Routing/Router.php(800): Illuminate\\Routing\\Router->runRouteWithinStack()
#45 /root/unihup/vendor/laravel/framework/src/Illuminate/Routing/Router.php(764): Illuminate\\Routing\\Router->runRoute()
#46 /root/unihup/vendor/laravel/framework/src/Illuminate/Routing/Router.php(753): Illuminate\\Routing\\Router->dispatchToRoute()
#47 /root/unihup/vendor/laravel/framework/src/Illuminate/Foundation/Http/Kernel.php(200): Illuminate\\Routing\\Router->dispatch()
#48 /root/unihup/vendor/laravel/framework/src/Illuminate/Pipeline/Pipeline.php(180): Illuminate\\Foundation\\Http\\Kernel->{closure:Illuminate\\Foundation\\Http\\Kernel::dispatchToRouter():197}()
#49 /root/unihup/vendor/livewire/livewire/src/Features/SupportDisablingBackButtonCache/DisableBackButtonCacheMiddleware.php(19): Illuminate\\Pipeline\\Pipeline->{closure:Illuminate\\Pipeline\\Pipeline::prepareDestination():178}()
#50 /root/unihup/vendor/laravel/framework/src/Illuminate/Pipeline/Pipeline.php(219): Livewire\\Features\\SupportDisablingBackButtonCache\\DisableBackButtonCacheMiddleware->handle()
#51 /root/unihup/vendor/laravel/framework/src/Illuminate/Foundation/Http/Middleware/TransformsRequest.php(21): Illuminate\\Pipeline\\Pipeline->{closure:{closure:Illuminate\\Pipeline\\Pipeline::carry():194}:195}()
#52 /root/unihup/vendor/laravel/framework/src/Illuminate/Foundation/Http/Middleware/ConvertEmptyStringsToNull.php(31): Illuminate\\Foundation\\Http\\Middleware\\TransformsRequest->handle()
#53 /root/unihup/vendor/laravel/framework/src/Illuminate/Pipeline/Pipeline.php(219): Illuminate\\Foundation\\Http\\Middleware\\ConvertEmptyStringsToNull->handle()
#54 /root/unihup/vendor/laravel/framework/src/Illuminate/Foundation/Http/Middleware/TransformsRequest.php(21): Illuminate\\Pipeline\\Pipeline->{closure:{closure:Illuminate\\Pipeline\\Pipeline::carry():194}:195}()
#55 /root/unihup/vendor/laravel/framework/src/Illuminate/Foundation/Http/Middleware/TrimStrings.php(51): Illuminate\\Foundation\\Http\\Middleware\\TransformsRequest->handle()
#56 /root/unihup/vendor/laravel/framework/src/Illuminate/Pipeline/Pipeline.php(219): Illuminate\\Foundation\\Http\\Middleware\\TrimStrings->handle()
#57 /root/unihup/vendor/laravel/framework/src/Illuminate/Http/Middleware/ValidatePostSize.php(27): Illuminate\\Pipeline\\Pipeline->{closure:{closure:Illuminate\\Pipeline\\Pipeline::carry():194}:195}()
#58 /root/unihup/vendor/laravel/framework/src/Illuminate/Pipeline/Pipeline.php(219): Illuminate\\Http\\Middleware\\ValidatePostSize->handle()
#59 /root/unihup/vendor/laravel/framework/src/Illuminate/Foundation/Http/Middleware/PreventRequestsDuringMaintenance.php(110): Illuminate\\Pipeline\\Pipeline->{closure:{closure:Illuminate\\Pipeline\\Pipeline::carry():194}:195}()
#60 /root/unihup/vendor/laravel/framework/src/Illuminate/Pipeline/Pipeline.php(219): Illuminate\\Foundation\\Http\\Middleware\\PreventRequestsDuringMaintenance->handle()
#61 /root/unihup/vendor/laravel/framework/src/Illuminate/Http/Middleware/HandleCors.php(61): Illuminate\\Pipeline\\Pipeline->{closure:{closure:Illuminate\\Pipeline\\Pipeline::carry():194}:195}()
#62 /root/unihup/vendor/laravel/framework/src/Illuminate/Pipeline/Pipeline.php(219): Illuminate\\Http\\Middleware\\HandleCors->handle()
#63 /root/unihup/vendor/laravel/framework/src/Illuminate/Http/Middleware/TrustProxies.php(58): Illuminate\\Pipeline\\Pipeline->{closure:{closure:Illuminate\\Pipeline\\Pipeline::carry():194}:195}()
#64 /root/unihup/vendor/laravel/framework/src/Illuminate/Pipeline/Pipeline.php(219): Illuminate\\Http\\Middleware\\TrustProxies->handle()
#65 /root/unihup/vendor/laravel/framework/src/Illuminate/Foundation/Http/Middleware/InvokeDeferredCallbacks.php(22): Illuminate\\Pipeline\\Pipeline->{closure:{closure:Illuminate\\Pipeline\\Pipeline::carry():194}:195}()
#66 /root/unihup/vendor/laravel/framework/src/Illuminate/Pipeline/Pipeline.php(219): Illuminate\\Foundation\\Http\\Middleware\\InvokeDeferredCallbacks->handle()
#67 /root/unihup/vendor/laravel/framework/src/Illuminate/Http/Middleware/ValidatePathEncoding.php(28): Illuminate\\Pipeline\\Pipeline->{closure:{closure:Illuminate\\Pipeline\\Pipeline::carry():194}:195}()
#68 /root/unihup/vendor/laravel/framework/src/Illuminate/Pipeline/Pipeline.php(219): Illuminate\\Http\\Middleware\\ValidatePathEncoding->handle()
#69 /root/unihup/vendor/laravel/framework/src/Illuminate/Pipeline/Pipeline.php(137): Illuminate\\Pipeline\\Pipeline->{closure:{closure:Illuminate\\Pipeline\\Pipeline::carry():194}:195}()
#70 /root/unihup/vendor/laravel/framework/src/Illuminate/Foundation/Http/Kernel.php(175): Illuminate\\Pipeline\\Pipeline->then()
#71 /root/unihup/vendor/laravel/framework/src/Illuminate/Foundation/Http/Kernel.php(144): Illuminate\\Foundation\\Http\\Kernel->sendRequestThroughRouter()
#72 /root/unihup/vendor/laravel/framework/src/Illuminate/Foundation/Testing/Concerns/MakesHttpRequests.php(638): Illuminate\\Foundation\\Http\\Kernel->handle()
#73 /root/unihup/vendor/laravel/framework/src/Illuminate/Foundation/Testing/Concerns/MakesHttpRequests.php(368): Illuminate\\Foundation\\Testing\\TestCase->call()
#74 /root/unihup/tests/Feature/UserResourceTest.php(30): Illuminate\\Foundation\\Testing\\TestCase->get()
#75 /root/unihup/vendor/phpunit/phpunit/src/Framework/TestCase.php(1318): Tests\\Feature\\UserResourceTest->test_super_admin_can_access_user_resource()
#76 /root/unihup/vendor/phpunit/phpunit/src/Framework/TestCase.php(1355): PHPUnit\\Framework\\TestCase->invokeTestMethod()
#77 /root/unihup/vendor/phpunit/phpunit/src/Framework/TestCase.php(521): PHPUnit\\Framework\\TestCase->runTest()
#78 /root/unihup/vendor/phpunit/phpunit/src/Framework/TestRunner/TestRunner.php(99): PHPUnit\\Framework\\TestCase->runBare()
#79 /root/unihup/vendor/phpunit/phpunit/src/Framework/TestCase.php(361): PHPUnit\\Framework\\TestRunner->run()
#80 /root/unihup/vendor/phpunit/phpunit/src/Framework/TestSuite.php(374): PHPUnit\\Framework\\TestCase->run()
#81 /root/unihup/vendor/phpunit/phpunit/src/Framework/TestSuite.php(374): PHPUnit\\Framework\\TestSuite->run()
#82 /root/unihup/vendor/phpunit/phpunit/src/Framework/TestSuite.php(374): PHPUnit\\Framework\\TestSuite->run()
#83 /root/unihup/vendor/phpunit/phpunit/src/TextUI/TestRunner.php(64): PHPUnit\\Framework\\TestSuite->run()
#84 /root/unihup/vendor/phpunit/phpunit/src/TextUI/Application.php(229): PHPUnit\\TextUI\\TestRunner->run()
#85 /root/unihup/vendor/phpunit/phpunit/phpunit(104): PHPUnit\\TextUI\\Application->run()
#86 {main}

[previous exception] [object] (Illuminate\\View\\ViewException(code: 0): Route [filament.admin.pages.universities] not defined. (View: /root/unihup/vendor/filament/filament/resources/views/components/layout/index.blade.php) at /root/unihup/vendor/laravel/framework/src/Illuminate/Routing/UrlGenerator.php:542)
[stacktrace]
#0 /root/unihup/vendor/livewire/livewire/src/Mechanisms/ExtendBlade/ExtendedCompilerEngine.php(58): Illuminate\\View\\Engines\\CompilerEngine->handleViewException()
#1 /root/unihup/vendor/laravel/framework/src/Illuminate/View/Engines/PhpEngine.php(59): Livewire\\Mechanisms\\ExtendBlade\\ExtendedCompilerEngine->handleViewException()
#2 /root/unihup/vendor/livewire/livewire/src/Mechanisms/ExtendBlade/ExtendedCompilerEngine.php(22): Illuminate\\View\\Engines\\PhpEngine->evaluatePath()
#3 /root/unihup/vendor/laravel/framework/src/Illuminate/View/Engines/CompilerEngine.php(76): Livewire\\Mechanisms\\ExtendBlade\\ExtendedCompilerEngine->evaluatePath()
#4 /root/unihup/vendor/livewire/livewire/src/Mechanisms/ExtendBlade/ExtendedCompilerEngine.php(10): Illuminate\\View\\Engines\\CompilerEngine->get()
#5 /root/unihup/vendor/laravel/framework/src/Illuminate/View/View.php(208): Livewire\\Mechanisms\\ExtendBlade\\ExtendedCompilerEngine->get()
#6 /root/unihup/vendor/laravel/framework/src/Illuminate/View/View.php(191): Illuminate\\View\\View->getContents()
#7 /root/unihup/vendor/laravel/framework/src/Illuminate/View/View.php(160): Illuminate\\View\\View->renderContents()
#8 /root/unihup/vendor/laravel/framework/src/Illuminate/View/Concerns/ManagesComponents.php(103): Illuminate\\View\\View->render()
#9 /root/unihup/storage/framework/views/f9f60049d5b64dab66229951ba563b9b.php(17): Illuminate\\View\\Factory->renderComponent()
#10 /root/unihup/vendor/laravel/framework/src/Illuminate/Filesystem/Filesystem.php(123): require('...')
#11 /root/unihup/vendor/laravel/framework/src/Illuminate/Filesystem/Filesystem.php(124): Illuminate\\Filesystem\\Filesystem::{closure:Illuminate\\Filesystem\\Filesystem::getRequire():120}()
#12 /root/unihup/vendor/laravel/framework/src/Illuminate/View/Engines/PhpEngine.php(57): Illuminate\\Filesystem\\Filesystem->getRequire()
#13 /root/unihup/vendor/livewire/livewire/src/Mechanisms/ExtendBlade/ExtendedCompilerEngine.php(22): Illuminate\\View\\Engines\\PhpEngine->evaluatePath()
#14 /root/unihup/vendor/laravel/framework/src/Illuminate/View/Engines/CompilerEngine.php(76): Livewire\\Mechanisms\\ExtendBlade\\ExtendedCompilerEngine->evaluatePath()
#15 /root/unihup/vendor/livewire/livewire/src/Mechanisms/ExtendBlade/ExtendedCompilerEngine.php(10): Illuminate\\View\\Engines\\CompilerEngine->get()
#16 /root/unihup/vendor/laravel/framework/src/Illuminate/View/View.php(208): Livewire\\Mechanisms\\ExtendBlade\\ExtendedCompilerEngine->get()
#17 /root/unihup/vendor/laravel/framework/src/Illuminate/View/View.php(191): Illuminate\\View\\View->getContents()
#18 /root/unihup/vendor/laravel/framework/src/Illuminate/View/View.php(160): Illuminate\\View\\View->renderContents()
#19 /root/unihup/vendor/laravel/framework/src/Illuminate/View/Compilers/BladeCompiler.php(361): Illuminate\\View\\View->render()
#20 /root/unihup/vendor/laravel/framework/src/Illuminate/Support/Facades/Facade.php(364): Illuminate\\View\\Compilers\\BladeCompiler::render()
#21 /root/unihup/vendor/livewire/livewire/src/Features/SupportPageComponents/SupportPageComponents.php(153): Illuminate\\Support\\Facades\\Facade::__callStatic()
#22 /root/unihup/vendor/livewire/livewire/src/Features/SupportPageComponents/HandlesPageComponents.php(24): Livewire\\Features\\SupportPageComponents\\SupportPageComponents::renderContentsIntoLayout()
#23 /root/unihup/vendor/laravel/framework/src/Illuminate/Routing/ControllerDispatcher.php(46): Livewire\\Component->__invoke()
#24 /root/unihup/vendor/laravel/framework/src/Illuminate/Routing/Route.php(276): Illuminate\\Routing\\ControllerDispatcher->dispatch()
#25 /root/unihup/vendor/laravel/framework/src/Illuminate/Routing/Route.php(216): Illuminate\\Routing\\Route->runController()
#26 /root/unihup/vendor/laravel/framework/src/Illuminate/Routing/Router.php(822): Illuminate\\Routing\\Route->run()
#27 /root/unihup/vendor/laravel/framework/src/Illuminate/Pipeline/Pipeline.php(180): Illuminate\\Routing\\Router->{closure:Illuminate\\Routing\\Router::runRouteWithinStack():821}()
#28 /root/unihup/vendor/laravel/framework/src/Illuminate/Auth/Middleware/EnsureEmailIsVerified.php(41): Illuminate\\Pipeline\\Pipeline->{closure:Illuminate\\Pipeline\\Pipeline::prepareDestination():178}()
#29 /root/unihup/vendor/laravel/framework/src/Illuminate/Pipeline/Pipeline.php(219): Illuminate\\Auth\\Middleware\\EnsureEmailIsVerified->handle()
#30 /root/unihup/vendor/filament/filament/src/Http/Middleware/DispatchServingFilamentEvent.php(15): Illuminate\\Pipeline\\Pipeline->{closure:{closure:Illuminate\\Pipeline\\Pipeline::carry():194}:195}()
#31 /root/unihup/vendor/laravel/framework/src/Illuminate/Pipeline/Pipeline.php(219): Filament\\Http\\Middleware\\DispatchServingFilamentEvent->handle()
#32 /root/unihup/vendor/filament/filament/src/Http/Middleware/DisableBladeIconComponents.php(14): Illuminate\\Pipeline\\Pipeline->{closure:{closure:Illuminate\\Pipeline\\Pipeline::carry():194}:195}()
#33 /root/unihup/vendor/laravel/framework/src/Illuminate/Pipeline/Pipeline.php(219): Filament\\Http\\Middleware\\DisableBladeIconComponents->handle()
#34 /root/unihup/vendor/laravel/framework/src/Illuminate/Routing/Middleware/SubstituteBindings.php(52): Illuminate\\Pipeline\\Pipeline->{closure:{closure:Illuminate\\Pipeline\\Pipeline::carry():194}:195}()
#35 /root/unihup/vendor/laravel/framework/src/Illuminate/Pipeline/Pipeline.php(219): Illuminate\\Routing\\Middleware\\SubstituteBindings->handle()
#36 /root/unihup/vendor/laravel/framework/src/Illuminate/Foundation/Http/Middleware/PreventRequestForgery.php(104): Illuminate\\Pipeline\\Pipeline->{closure:{closure:Illuminate\\Pipeline\\Pipeline::carry():194}:195}()
#37 /root/unihup/vendor/laravel/framework/src/Illuminate/Pipeline/Pipeline.php(219): Illuminate\\Foundation\\Http\\Middleware\\PreventRequestForgery->handle()
#38 /root/unihup/vendor/laravel/framework/src/Illuminate/Session/Middleware/AuthenticateSession.php(70): Illuminate\\Pipeline\\Pipeline->{closure:{closure:Illuminate\\Pipeline\\Pipeline::carry():194}:195}()
#39 /root/unihup/vendor/laravel/framework/src/Illuminate/Pipeline/Pipeline.php(219): Illuminate\\Session\\Middleware\\AuthenticateSession->handle()
#40 /root/unihup/vendor/laravel/framework/src/Illuminate/Auth/Middleware/Authenticate.php(63): Illuminate\\Pipeline\\Pipeline->{closure:{closure:Illuminate\\Pipeline\\Pipeline::carry():194}:195}()
#41 /root/unihup/vendor/laravel/framework/src/Illuminate/Pipeline/Pipeline.php(219): Illuminate\\Auth\\Middleware\\Authenticate->handle()
#42 /root/unihup/vendor/laravel/framework/src/Illuminate/View/Middleware/ShareErrorsFromSession.php(48): Illuminate\\Pipeline\\Pipeline->{closure:{closure:Illuminate\\Pipeline\\Pipeline::carry():194}:195}()
#43 /root/unihup/vendor/laravel/framework/src/Illuminate/Pipeline/Pipeline.php(219): Illuminate\\View\\Middleware\\ShareErrorsFromSession->handle()
#44 /root/unihup/vendor/laravel/framework/src/Illuminate/Session/Middleware/StartSession.php(120): Illuminate\\Pipeline\\Pipeline->{closure:{closure:Illuminate\\Pipeline\\Pipeline::carry():194}:195}()
#45 /root/unihup/vendor/laravel/framework/src/Illuminate/Session/Middleware/StartSession.php(63): Illuminate\\Session\\Middleware\\StartSession->handleStatefulRequest()
#46 /root/unihup/vendor/laravel/framework/src/Illuminate/Pipeline/Pipeline.php(219): Illuminate\\Session\\Middleware\\StartSession->handle()
#47 /root/unihup/vendor/laravel/framework/src/Illuminate/Cookie/Middleware/AddQueuedCookiesToResponse.php(36): Illuminate\\Pipeline\\Pipeline->{closure:{closure:Illuminate\\Pipeline\\Pipeline::carry():194}:195}()
#48 /root/unihup/vendor/laravel/framework/src/Illuminate/Pipeline/Pipeline.php(219): Illuminate\\Cookie\\Middleware\\AddQueuedCookiesToResponse->handle()
#49 /root/unihup/vendor/laravel/framework/src/Illuminate/Cookie/Middleware/EncryptCookies.php(74): Illuminate\\Pipeline\\Pipeline->{closure:{closure:Illuminate\\Pipeline\\Pipeline::carry():194}:195}()
#50 /root/unihup/vendor/laravel/framework/src/Illuminate/Pipeline/Pipeline.php(219): Illuminate\\Cookie\\Middleware\\EncryptCookies->handle()
#51 /root/unihup/vendor/filament/filament/src/Http/Middleware/SetUpPanel.php(19): Illuminate\\Pipeline\\Pipeline->{closure:{closure:Illuminate\\Pipeline\\Pipeline::carry():194}:195}()
#52 /root/unihup/vendor/laravel/framework/src/Illuminate/Pipeline/Pipeline.php(219): Filament\\Http\\Middleware\\SetUpPanel->handle()
#53 /root/unihup/vendor/laravel/framework/src/Illuminate/Pipeline/Pipeline.php(137): Illuminate\\Pipeline\\Pipeline->{closure:{closure:Illuminate\\Pipeline\\Pipeline::carry():194}:195}()
#54 /root/unihup/vendor/laravel/framework/src/Illuminate/Routing/Router.php(821): Illuminate\\Pipeline\\Pipeline->then()
#55 /root/unihup/vendor/laravel/framework/src/Illuminate/Routing/Router.php(800): Illuminate\\Routing\\Router->runRouteWithinStack()
#56 /root/unihup/vendor/laravel/framework/src/Illuminate/Routing/Router.php(764): Illuminate\\Routing\\Router->runRoute()
#57 /root/unihup/vendor/laravel/framework/src/Illuminate/Routing/Router.php(753): Illuminate\\Routing\\Router->dispatchToRoute()
#58 /root/unihup/vendor/laravel/framework/src/Illuminate/Foundation/Http/Kernel.php(200): Illuminate\\Routing\\Router->dispatch()
#59 /root/unihup/vendor/laravel/framework/src/Illuminate/Pipeline/Pipeline.php(180): Illuminate\\Foundation\\Http\\Kernel->{closure:Illuminate\\Foundation\\Http\\Kernel::dispatchToRouter():197}()
#60 /root/unihup/vendor/livewire/livewire/src/Features/SupportDisablingBackButtonCache/DisableBackButtonCacheMiddleware.php(19): Illuminate\\Pipeline\\Pipeline->{closure:Illuminate\\Pipeline\\Pipeline::prepareDestination():178}()
#61 /root/unihup/vendor/laravel/framework/src/Illuminate/Pipeline/Pipeline.php(219): Livewire\\Features\\SupportDisablingBackButtonCache\\DisableBackButtonCacheMiddleware->handle()
#62 /root/unihup/vendor/laravel/framework/src/Illuminate/Foundation/Http/Middleware/TransformsRequest.php(21): Illuminate\\Pipeline\\Pipeline->{closure:{closure:Illuminate\\Pipeline\\Pipeline::carry():194}:195}()
#63 /root/unihup/vendor/laravel/framework/src/Illuminate/Foundation/Http/Middleware/ConvertEmptyStringsToNull.php(31): Illuminate\\Foundation\\Http\\Middleware\\TransformsRequest->handle()
#64 /root/unihup/vendor/laravel/framework/src/Illuminate/Pipeline/Pipeline.php(219): Illuminate\\Foundation\\Http\\Middleware\\ConvertEmptyStringsToNull->handle()
#65 /root/unihup/vendor/laravel/framework/src/Illuminate/Foundation/Http/Middleware/TransformsRequest.php(21): Illuminate\\Pipeline\\Pipeline->{closure:{closure:Illuminate\\Pipeline\\Pipeline::carry():194}:195}()
#66 /root/unihup/vendor/laravel/framework/src/Illuminate/Foundation/Http/Middleware/TrimStrings.php(51): Illuminate\\Foundation\\Http\\Middleware\\TransformsRequest->handle()
#67 /root/unihup/vendor/laravel/framework/src/Illuminate/Pipeline/Pipeline.php(219): Illuminate\\Foundation\\Http\\Middleware\\TrimStrings->handle()
#68 /root/unihup/vendor/laravel/framework/src/Illuminate/Http/Middleware/ValidatePostSize.php(27): Illuminate\\Pipeline\\Pipeline->{closure:{closure:Illuminate\\Pipeline\\Pipeline::carry():194}:195}()
#69 /root/unihup/vendor/laravel/framework/src/Illuminate/Pipeline/Pipeline.php(219): Illuminate\\Http\\Middleware\\ValidatePostSize->handle()
#70 /root/unihup/vendor/laravel/framework/src/Illuminate/Foundation/Http/Middleware/PreventRequestsDuringMaintenance.php(110): Illuminate\\Pipeline\\Pipeline->{closure:{closure:Illuminate\\Pipeline\\Pipeline::carry():194}:195}()
#71 /root/unihup/vendor/laravel/framework/src/Illuminate/Pipeline/Pipeline.php(219): Illuminate\\Foundation\\Http\\Middleware\\PreventRequestsDuringMaintenance->handle()
#72 /root/unihup/vendor/laravel/framework/src/Illuminate/Http/Middleware/HandleCors.php(61): Illuminate\\Pipeline\\Pipeline->{closure:{closure:Illuminate\\Pipeline\\Pipeline::carry():194}:195}()
#73 /root/unihup/vendor/laravel/framework/src/Illuminate/Pipeline/Pipeline.php(219): Illuminate\\Http\\Middleware\\HandleCors->handle()
#74 /root/unihup/vendor/laravel/framework/src/Illuminate/Http/Middleware/TrustProxies.php(58): Illuminate\\Pipeline\\Pipeline->{closure:{closure:Illuminate\\Pipeline\\Pipeline::carry():194}:195}()
#75 /root/unihup/vendor/laravel/framework/src/Illuminate/Pipeline/Pipeline.php(219): Illuminate\\Http\\Middleware\\TrustProxies->handle()
#76 /root/unihup/vendor/laravel/framework/src/Illuminate/Foundation/Http/Middleware/InvokeDeferredCallbacks.php(22): Illuminate\\Pipeline\\Pipeline->{closure:{closure:Illuminate\\Pipeline\\Pipeline::carry():194}:195}()
#77 /root/unihup/vendor/laravel/framework/src/Illuminate/Pipeline/Pipeline.php(219): Illuminate\\Foundation\\Http\\Middleware\\InvokeDeferredCallbacks->handle()
#78 /root/unihup/vendor/laravel/framework/src/Illuminate/Http/Middleware/ValidatePathEncoding.php(28): Illuminate\\Pipeline\\Pipeline->{closure:{closure:Illuminate\\Pipeline\\Pipeline::carry():194}:195}()
#79 /root/unihup/vendor/laravel/framework/src/Illuminate/Pipeline/Pipeline.php(219): Illuminate\\Http\\Middleware\\ValidatePathEncoding->handle()
#80 /root/unihup/vendor/laravel/framework/src/Illuminate/Pipeline/Pipeline.php(137): Illuminate\\Pipeline\\Pipeline->{closure:{closure:Illuminate\\Pipeline\\Pipeline::carry():194}:195}()
#81 /root/unihup/vendor/laravel/framework/src/Illuminate/Foundation/Http/Kernel.php(175): Illuminate\\Pipeline\\Pipeline->then()
#82 /root/unihup/vendor/laravel/framework/src/Illuminate/Foundation/Http/Kernel.php(144): Illuminate\\Foundation\\Http\\Kernel->sendRequestThroughRouter()
#83 /root/unihup/vendor/laravel/framework/src/Illuminate/Foundation/Testing/Concerns/MakesHttpRequests.php(638): Illuminate\\Foundation\\Http\\Kernel->handle()
#84 /root/unihup/vendor/laravel/framework/src/Illuminate/Foundation/Testing/Concerns/MakesHttpRequests.php(368): Illuminate\\Foundation\\Testing\\TestCase->call()
#85 /root/unihup/tests/Feature/UserResourceTest.php(30): Illuminate\\Foundation\\Testing\\TestCase->get()
#86 /root/unihup/vendor/phpunit/phpunit/src/Framework/TestCase.php(1318): Tests\\Feature\\UserResourceTest->test_super_admin_can_access_user_resource()
#87 /root/unihup/vendor/phpunit/phpunit/src/Framework/TestCase.php(1355): PHPUnit\\Framework\\TestCase->invokeTestMethod()
#88 /root/unihup/vendor/phpunit/phpunit/src/Framework/TestCase.php(521): PHPUnit\\Framework\\TestCase->runTest()
#89 /root/unihup/vendor/phpunit/phpunit/src/Framework/TestRunner/TestRunner.php(99): PHPUnit\\Framework\\TestCase->runBare()
#90 /root/unihup/vendor/phpunit/phpunit/src/Framework/TestCase.php(361): PHPUnit\\Framework\\TestRunner->run()
#91 /root/unihup/vendor/phpunit/phpunit/src/Framework/TestSuite.php(374): PHPUnit\\Framework\\TestCase->run()
#92 /root/unihup/vendor/phpunit/phpunit/src/Framework/TestSuite.php(374): PHPUnit\\Framework\\TestSuite->run()
#93 /root/unihup/vendor/phpunit/phpunit/src/Framework/TestSuite.php(374): PHPUnit\\Framework\\TestSuite->run()
#94 /root/unihup/vendor/phpunit/phpunit/src/TextUI/TestRunner.php(64): PHPUnit\\Framework\\TestSuite->run()
#95 /root/unihup/vendor/phpunit/phpunit/src/TextUI/Application.php(229): PHPUnit\\TextUI\\TestRunner->run()
#96 /root/unihup/vendor/phpunit/phpunit/phpunit(104): PHPUnit\\TextUI\\Application->run()
#97 {main}

[previous exception] [object] (Symfony\\Component\\Routing\\Exception\\RouteNotFoundException(code: 0): Route [filament.admin.pages.universities] not defined. at /root/unihup/vendor/laravel/framework/src/Illuminate/Routing/UrlGenerator.php:542)
[stacktrace]
#0 /root/unihup/vendor/laravel/framework/src/Illuminate/Foundation/helpers.php(870): Illuminate\\Routing\\UrlGenerator->route()
#1 /root/unihup/vendor/filament/filament/src/Pages/Page.php(60): route()
#2 /root/unihup/vendor/filament/filament/src/Pages/Page.php(193): Filament\\Pages\\Page::getUrl()
#3 /root/unihup/vendor/filament/filament/src/Pages/Page.php(109): Filament\\Pages\\Page::getNavigationUrl()
#4 /root/unihup/vendor/filament/filament/src/Pages/Page.php(91): Filament\\Pages\\Page::getNavigationItems()
#5 /root/unihup/vendor/filament/filament/src/Navigation/NavigationManager.php(137): Filament\\Pages\\Page::registerNavigationItems()
#6 /root/unihup/vendor/filament/filament/src/Navigation/NavigationManager.php(50): Filament\\Navigation\\NavigationManager->mountNavigation()
#7 /root/unihup/vendor/filament/filament/src/Panel/Concerns/HasNavigation.php(101): Filament\\Navigation\\NavigationManager->get()
#8 /root/unihup/vendor/filament/filament/src/FilamentManager.php(252): Filament\\Panel->getNavigation()
#9 /root/unihup/storage/framework/views/63b21d28959019a752a53ff8b11e14a3.php(4): Filament\\FilamentManager->getNavigation()
#10 /root/unihup/vendor/laravel/framework/src/Illuminate/Filesystem/Filesystem.php(123): require('...')
#11 /root/unihup/vendor/laravel/framework/src/Illuminate/Filesystem/Filesystem.php(124): Illuminate\\Filesystem\\Filesystem::{closure:Illuminate\\Filesystem\\Filesystem::getRequire():120}()
#12 /root/unihup/vendor/laravel/framework/src/Illuminate/View/Engines/PhpEngine.php(57): Illuminate\\Filesystem\\Filesystem->getRequire()
#13 /root/unihup/vendor/livewire/livewire/src/Mechanisms/ExtendBlade/ExtendedCompilerEngine.php(22): Illuminate\\View\\Engines\\PhpEngine->evaluatePath()
#14 /root/unihup/vendor/laravel/framework/src/Illuminate/View/Engines/CompilerEngine.php(76): Livewire\\Mechanisms\\ExtendBlade\\ExtendedCompilerEngine->evaluatePath()
#15 /root/unihup/vendor/livewire/livewire/src/Mechanisms/ExtendBlade/ExtendedCompilerEngine.php(10): Illuminate\\View\\Engines\\CompilerEngine->get()
#16 /root/unihup/vendor/laravel/framework/src/Illuminate/View/View.php(208): Livewire\\Mechanisms\\ExtendBlade\\ExtendedCompilerEngine->get()
#17 /root/unihup/vendor/laravel/framework/src/Illuminate/View/View.php(191): Illuminate\\View\\View->getContents()
#18 /root/unihup/vendor/laravel/framework/src/Illuminate/View/View.php(160): Illuminate\\View\\View->renderContents()
#19 /root/unihup/vendor/laravel/framework/src/Illuminate/View/Concerns/ManagesComponents.php(103): Illuminate\\View\\View->render()
#20 /root/unihup/storage/framework/views/f9f60049d5b64dab66229951ba563b9b.php(17): Illuminate\\View\\Factory->renderComponent()
#21 /root/unihup/vendor/laravel/framework/src/Illuminate/Filesystem/Filesystem.php(123): require('...')
#22 /root/unihup/vendor/laravel/framework/src/Illuminate/Filesystem/Filesystem.php(124): Illuminate\\Filesystem\\Filesystem::{closure:Illuminate\\Filesystem\\Filesystem::getRequire():120}()
#23 /root/unihup/vendor/laravel/framework/src/Illuminate/View/Engines/PhpEngine.php(57): Illuminate\\Filesystem\\Filesystem->getRequire()
#24 /root/unihup/vendor/livewire/livewire/src/Mechanisms/ExtendBlade/ExtendedCompilerEngine.php(22): Illuminate\\View\\Engines\\PhpEngine->evaluatePath()
#25 /root/unihup/vendor/laravel/framework/src/Illuminate/View/Engines/CompilerEngine.php(76): Livewire\\Mechanisms\\ExtendBlade\\ExtendedCompilerEngine->evaluatePath()
#26 /root/unihup/vendor/livewire/livewire/src/Mechanisms/ExtendBlade/ExtendedCompilerEngine.php(10): Illuminate\\View\\Engines\\CompilerEngine->get()
#27 /root/unihup/vendor/laravel/framework/src/Illuminate/View/View.php(208): Livewire\\Mechanisms\\ExtendBlade\\ExtendedCompilerEngine->get()
#28 /root/unihup/vendor/laravel/framework/src/Illuminate/View/View.php(191): Illuminate\\View\\View->getContents()
#29 /root/unihup/vendor/laravel/framework/src/Illuminate/View/View.php(160): Illuminate\\View\\View->renderContents()
#30 /root/unihup/vendor/laravel/framework/src/Illuminate/View/Compilers/BladeCompiler.php(361): Illuminate\\View\\View->render()
#31 /root/unihup/vendor/laravel/framework/src/Illuminate/Support/Facades/Facade.php(364): Illuminate\\View\\Compilers\\BladeCompiler::render()
#32 /root/unihup/vendor/livewire/livewire/src/Features/SupportPageComponents/SupportPageComponents.php(153): Illuminate\\Support\\Facades\\Facade::__callStatic()
#33 /root/unihup/vendor/livewire/livewire/src/Features/SupportPageComponents/HandlesPageComponents.php(24): Livewire\\Features\\SupportPageComponents\\SupportPageComponents::renderContentsIntoLayout()
#34 /root/unihup/vendor/laravel/framework/src/Illuminate/Routing/ControllerDispatcher.php(46): Livewire\\Component->__invoke()
#35 /root/unihup/vendor/laravel/framework/src/Illuminate/Routing/Route.php(276): Illuminate\\Routing\\ControllerDispatcher->dispatch()
#36 /root/unihup/vendor/laravel/framework/src/Illuminate/Routing/Route.php(216): Illuminate\\Routing\\Route->runController()
#37 /root/unihup/vendor/laravel/framework/src/Illuminate/Routing/Router.php(822): Illuminate\\Routing\\Route->run()
#38 /root/unihup/vendor/laravel/framework/src/Illuminate/Pipeline/Pipeline.php(180): Illuminate\\Routing\\Router->{closure:Illuminate\\Routing\\Router::runRouteWithinStack():821}()
#39 /root/unihup/vendor/laravel/framework/src/Illuminate/Auth/Middleware/EnsureEmailIsVerified.php(41): Illuminate\\Pipeline\\Pipeline->{closure:Illuminate\\Pipeline\\Pipeline::prepareDestination():178}()
#40 /root/unihup/vendor/laravel/framework/src/Illuminate/Pipeline/Pipeline.php(219): Illuminate\\Auth\\Middleware\\EnsureEmailIsVerified->handle()
#41 /root/unihup/vendor/filament/filament/src/Http/Middleware/DispatchServingFilamentEvent.php(15): Illuminate\\Pipeline\\Pipeline->{closure:{closure:Illuminate\\Pipeline\\Pipeline::carry():194}:195}()
#42 /root/unihup/vendor/laravel/framework/src/Illuminate/Pipeline/Pipeline.php(219): Filament\\Http\\Middleware\\DispatchServingFilamentEvent->handle()
#43 /root/unihup/vendor/filament/filament/src/Http/Middleware/DisableBladeIconComponents.php(14): Illuminate\\Pipeline\\Pipeline->{closure:{closure:Illuminate\\Pipeline\\Pipeline::carry():194}:195}()
#44 /root/unihup/vendor/laravel/framework/src/Illuminate/Pipeline/Pipeline.php(219): Filament\\Http\\Middleware\\DisableBladeIconComponents->handle()
#45 /root/unihup/vendor/laravel/framework/src/Illuminate/Routing/Middleware/SubstituteBindings.php(52): Illuminate\\Pipeline\\Pipeline->{closure:{closure:Illuminate\\Pipeline\\Pipeline::carry():194}:195}()
#46 /root/unihup/vendor/laravel/framework/src/Illuminate/Pipeline/Pipeline.php(219): Illuminate\\Routing\\Middleware\\SubstituteBindings->handle()
#47 /root/unihup/vendor/laravel/framework/src/Illuminate/Foundation/Http/Middleware/PreventRequestForgery.php(104): Illuminate\\Pipeline\\Pipeline->{closure:{closure:Illuminate\\Pipeline\\Pipeline::carry():194}:195}()
#48 /root/unihup/vendor/laravel/framework/src/Illuminate/Pipeline/Pipeline.php(219): Illuminate\\Foundation\\Http\\Middleware\\PreventRequestForgery->handle()
#49 /root/unihup/vendor/laravel/framework/src/Illuminate/Session/Middleware/AuthenticateSession.php(70): Illuminate\\Pipeline\\Pipeline->{closure:{closure:Illuminate\\Pipeline\\Pipeline::carry():194}:195}()
#50 /root/unihup/vendor/laravel/framework/src/Illuminate/Pipeline/Pipeline.php(219): Illuminate\\Session\\Middleware\\AuthenticateSession->handle()
#51 /root/unihup/vendor/laravel/framework/src/Illuminate/Auth/Middleware/Authenticate.php(63): Illuminate\\Pipeline\\Pipeline->{closure:{closure:Illuminate\\Pipeline\\Pipeline::carry():194}:195}()
#52 /root/unihup/vendor/laravel/framework/src/Illuminate/Pipeline/Pipeline.php(219): Illuminate\\Auth\\Middleware\\Authenticate->handle()
#53 /root/unihup/vendor/laravel/framework/src/Illuminate/View/Middleware/ShareErrorsFromSession.php(48): Illuminate\\Pipeline\\Pipeline->{closure:{closure:Illuminate\\Pipeline\\Pipeline::carry():194}:195}()
#54 /root/unihup/vendor/laravel/framework/src/Illuminate/Pipeline/Pipeline.php(219): Illuminate\\View\\Middleware\\ShareErrorsFromSession->handle()
#55 /root/unihup/vendor/laravel/framework/src/Illuminate/Session/Middleware/StartSession.php(120): Illuminate\\Pipeline\\Pipeline->{closure:{closure:Illuminate\\Pipeline\\Pipeline::carry():194}:195}()
#56 /root/unihup/vendor/laravel/framework/src/Illuminate/Session/Middleware/StartSession.php(63): Illuminate\\Session\\Middleware\\StartSession->handleStatefulRequest()
#57 /root/unihup/vendor/laravel/framework/src/Illuminate/Pipeline/Pipeline.php(219): Illuminate\\Session\\Middleware\\StartSession->handle()
#58 /root/unihup/vendor/laravel/framework/src/Illuminate/Cookie/Middleware/AddQueuedCookiesToResponse.php(36): Illuminate\\Pipeline\\Pipeline->{closure:{closure:Illuminate\\Pipeline\\Pipeline::carry():194}:195}()
#59 /root/unihup/vendor/laravel/framework/src/Illuminate/Pipeline/Pipeline.php(219): Illuminate\\Cookie\\Middleware\\AddQueuedCookiesToResponse->handle()
#60 /root/unihup/vendor/laravel/framework/src/Illuminate/Cookie/Middleware/EncryptCookies.php(74): Illuminate\\Pipeline\\Pipeline->{closure:{closure:Illuminate\\Pipeline\\Pipeline::carry():194}:195}()
#61 /root/unihup/vendor/laravel/framework/src/Illuminate/Pipeline/Pipeline.php(219): Illuminate\\Cookie\\Middleware\\EncryptCookies->handle()
#62 /root/unihup/vendor/filament/filament/src/Http/Middleware/SetUpPanel.php(19): Illuminate\\Pipeline\\Pipeline->{closure:{closure:Illuminate\\Pipeline\\Pipeline::carry():194}:195}()
#63 /root/unihup/vendor/laravel/framework/src/Illuminate/Pipeline/Pipeline.php(219): Filament\\Http\\Middleware\\SetUpPanel->handle()
#64 /root/unihup/vendor/laravel/framework/src/Illuminate/Pipeline/Pipeline.php(137): Illuminate\\Pipeline\\Pipeline->{closure:{closure:Illuminate\\Pipeline\\Pipeline::carry():194}:195}()
#65 /root/unihup/vendor/laravel/framework/src/Illuminate/Routing/Router.php(821): Illuminate\\Pipeline\\Pipeline->then()
#66 /root/unihup/vendor/laravel/framework/src/Illuminate/Routing/Router.php(800): Illuminate\\Routing\\Router->runRouteWithinStack()
#67 /root/unihup/vendor/laravel/framework/src/Illuminate/Routing/Router.php(764): Illuminate\\Routing\\Router->runRoute()
#68 /root/unihup/vendor/laravel/framework/src/Illuminate/Routing/Router.php(753): Illuminate\\Routing\\Router->dispatchToRoute()
#69 /root/unihup/vendor/laravel/framework/src/Illuminate/Foundation/Http/Kernel.php(200): Illuminate\\Routing\\Router->dispatch()
#70 /root/unihup/vendor/laravel/framework/src/Illuminate/Pipeline/Pipeline.php(180): Illuminate\\Foundation\\Http\\Kernel->{closure:Illuminate\\Foundation\\Http\\Kernel::dispatchToRouter():197}()
#71 /root/unihup/vendor/livewire/livewire/src/Features/SupportDisablingBackButtonCache/DisableBackButtonCacheMiddleware.php(19): Illuminate\\Pipeline\\Pipeline->{closure:Illuminate\\Pipeline\\Pipeline::prepareDestination():178}()
#72 /root/unihup/vendor/laravel/framework/src/Illuminate/Pipeline/Pipeline.php(219): Livewire\\Features\\SupportDisablingBackButtonCache\\DisableBackButtonCacheMiddleware->handle()
#73 /root/unihup/vendor/laravel/framework/src/Illuminate/Foundation/Http/Middleware/TransformsRequest.php(21): Illuminate\\Pipeline\\Pipeline->{closure:{closure:Illuminate\\Pipeline\\Pipeline::carry():194}:195}()
#74 /root/unihup/vendor/laravel/framework/src/Illuminate/Foundation/Http/Middleware/ConvertEmptyStringsToNull.php(31): Illuminate\\Foundation\\Http\\Middleware\\TransformsRequest->handle()
#75 /root/unihup/vendor/laravel/framework/src/Illuminate/Pipeline/Pipeline.php(219): Illuminate\\Foundation\\Http\\Middleware\\ConvertEmptyStringsToNull->handle()
#76 /root/unihup/vendor/laravel/framework/src/Illuminate/Foundation/Http/Middleware/TransformsRequest.php(21): Illuminate\\Pipeline\\Pipeline->{closure:{closure:Illuminate\\Pipeline\\Pipeline::carry():194}:195}()
#77 /root/unihup/vendor/laravel/framework/src/Illuminate/Foundation/Http/Middleware/TrimStrings.php(51): Illuminate\\Foundation\\Http\\Middleware\\TransformsRequest->handle()
#78 /root/unihup/vendor/laravel/framework/src/Illuminate/Pipeline/Pipeline.php(219): Illuminate\\Foundation\\Http\\Middleware\\TrimStrings->handle()
#79 /root/unihup/vendor/laravel/framework/src/Illuminate/Http/Middleware/ValidatePostSize.php(27): Illuminate\\Pipeline\\Pipeline->{closure:{closure:Illuminate\\Pipeline\\Pipeline::carry():194}:195}()
#80 /root/unihup/vendor/laravel/framework/src/Illuminate/Pipeline/Pipeline.php(219): Illuminate\\Http\\Middleware\\ValidatePostSize->handle()
#81 /root/unihup/vendor/laravel/framework/src/Illuminate/Foundation/Http/Middleware/PreventRequestsDuringMaintenance.php(110): Illuminate\\Pipeline\\Pipeline->{closure:{closure:Illuminate\\Pipeline\\Pipeline::carry():194}:195}()
#82 /root/unihup/vendor/laravel/framework/src/Illuminate/Pipeline/Pipeline.php(219): Illuminate\\Foundation\\Http\\Middleware\\PreventRequestsDuringMaintenance->handle()
#83 /root/unihup/vendor/laravel/framework/src/Illuminate/Http/Middleware/HandleCors.php(61): Illuminate\\Pipeline\\Pipeline->{closure:{closure:Illuminate\\Pipeline\\Pipeline::carry():194}:195}()
#84 /root/unihup/vendor/laravel/framework/src/Illuminate/Pipeline/Pipeline.php(219): Illuminate\\Http\\Middleware\\HandleCors->handle()
#85 /root/unihup/vendor/laravel/framework/src/Illuminate/Http/Middleware/TrustProxies.php(58): Illuminate\\Pipeline\\Pipeline->{closure:{closure:Illuminate\\Pipeline\\Pipeline::carry():194}:195}()
#86 /root/unihup/vendor/laravel/framework/src/Illuminate/Pipeline/Pipeline.php(219): Illuminate\\Http\\Middleware\\TrustProxies->handle()
#87 /root/unihup/vendor/laravel/framework/src/Illuminate/Foundation/Http/Middleware/InvokeDeferredCallbacks.php(22): Illuminate\\Pipeline\\Pipeline->{closure:{closure:Illuminate\\Pipeline\\Pipeline::carry():194}:195}()
#88 /root/unihup/vendor/laravel/framework/src/Illuminate/Pipeline/Pipeline.php(219): Illuminate\\Foundation\\Http\\Middleware\\InvokeDeferredCallbacks->handle()
#89 /root/unihup/vendor/laravel/framework/src/Illuminate/Http/Middleware/ValidatePathEncoding.php(28): Illuminate\\Pipeline\\Pipeline->{closure:{closure:Illuminate\\Pipeline\\Pipeline::carry():194}:195}()
#90 /root/unihup/vendor/laravel/framework/src/Illuminate/Pipeline/Pipeline.php(219): Illuminate\\Http\\Middleware\\ValidatePathEncoding->handle()
#91 /root/unihup/vendor/laravel/framework/src/Illuminate/Pipeline/Pipeline.php(137): Illuminate\\Pipeline\\Pipeline->{closure:{closure:Illuminate\\Pipeline\\Pipeline::carry():194}:195}()
#92 /root/unihup/vendor/laravel/framework/src/Illuminate/Foundation/Http/Kernel.php(175): Illuminate\\Pipeline\\Pipeline->then()
#93 /root/unihup/vendor/laravel/framework/src/Illuminate/Foundation/Http/Kernel.php(144): Illuminate\\Foundation\\Http\\Kernel->sendRequestThroughRouter()
#94 /root/unihup/vendor/laravel/framework/src/Illuminate/Foundation/Testing/Concerns/MakesHttpRequests.php(638): Illuminate\\Foundation\\Http\\Kernel->handle()
#95 /root/unihup/vendor/laravel/framework/src/Illuminate/Foundation/Testing/Concerns/MakesHttpRequests.php(368): Illuminate\\Foundation\\Testing\\TestCase->call()
#96 /root/unihup/tests/Feature/UserResourceTest.php(30): Illuminate\\Foundation\\Testing\\TestCase->get()
#97 /root/unihup/vendor/phpunit/phpunit/src/Framework/TestCase.php(1318): Tests\\Feature\\UserResourceTest->test_super_admin_can_access_user_resource()
#98 /root/unihup/vendor/phpunit/phpunit/src/Framework/TestCase.php(1355): PHPUnit\\Framework\\TestCase->invokeTestMethod()
#99 /root/unihup/vendor/phpunit/phpunit/src/Framework/TestCase.php(521): PHPUnit\\Framework\\TestCase->runTest()
#100 /root/unihup/vendor/phpunit/phpunit/src/Framework/TestRunner/TestRunner.php(99): PHPUnit\\Framework\\TestCase->runBare()
#101 /root/unihup/vendor/phpunit/phpunit/src/Framework/TestCase.php(361): PHPUnit\\Framework\\TestRunner->run()
#102 /root/unihup/vendor/phpunit/phpunit/src/Framework/TestSuite.php(374): PHPUnit\\Framework\\TestCase->run()
#103 /root/unihup/vendor/phpunit/phpunit/src/Framework/TestSuite.php(374): PHPUnit\\Framework\\TestSuite->run()
#104 /root/unihup/vendor/phpunit/phpunit/src/Framework/TestSuite.php(374): PHPUnit\\Framework\\TestSuite->run()
#105 /root/unihup/vendor/phpunit/phpunit/src/TextUI/TestRunner.php(64): PHPUnit\\Framework\\TestSuite->run()
#106 /root/unihup/vendor/phpunit/phpunit/src/TextUI/Application.php(229): PHPUnit\\TextUI\\TestRunner->run()
#107 /root/unihup/vendor/phpunit/phpunit/phpunit(104): PHPUnit\\TextUI\\Application->run()
#108 {main}
"} 
